a_name,b_name,a_symbol,b_symbol,ratio,log10_abs,folded_to_octave,diatonic_note,diatonic_target,cents_error,within_tol_cents_20,integer_ratio,integer_pct_error,on_watchlist,watchlist_reason
alpha_s_MZ,alpha,α_s(M_Z),α,1.615654e+01,1.20835,1.009784,unison (1:1),1.000000,16.8561,True,307/19,-0.0084,False,
sin2_thetaW,alpha,sin²θ_W,α,3.168409e+01,1.50084,1.980256,octave (2:1),2.000000,-17.1758,True,602/19,-0.0004,False,
mp_me,alpha,m_p/m_e,α,2.516190e+05,5.40074,1.919701,major 7th (15:8),1.875000,40.7890,False,251619,0.0000,True,Eddington coincidence (m_p/m_e ~ 6*(1/alpha) ~ 6*137)
Omega_matter,alpha,Ω_m,α,4.320745e+01,1.63556,1.350233,perfect 4th (4:3),1.333333,21.8048,False,821/19,-0.0071,False,
Omega_Lambda,alpha,Ω_Λ,α,9.382855e+01,1.97233,1.466071,perfect 5th (3:2),1.500000,-39.6089,False,563/6,-0.0051,False,
Omega_baryon,alpha,Ω_b,α,6.755875e+00,0.82968,1.688969,major 6th (5:3),1.666667,23.0124,False,27/4,0.0870,False,
n_s,alpha,n_s,α,1.322260e+02,2.12132,1.033016,unison (1:1),1.000000,56.2350,False,1190/9,0.0029,True,Harrison-Zel'dovich / scalar index vs fine-structure
alpha,electron_g-2,α,(g-2)/2,6.292708e+00,0.79884,1.573177,perfect 5th (3:2),1.500000,82.4622,False,107/17,-0.0224,False,
mn_mp,alpha,m_n/m_p,α,1.372249e+02,2.13743,1.072069,major 2nd (9:8),1.125000,-83.4319,False,1235/9,0.0019,False,
m_mu_me,alpha,m_μ/m_e,α,2.833470e+04,4.45232,1.729413,major 6th (5:3),1.666667,63.9799,False,283347/10,-0.0000,False,
m_tau_me,alpha,m_τ/m_e,α,4.764947e+05,5.67806,1.817683,major 7th (15:8),1.875000,-53.7479,False,8576905/18,0.0000,False,
m_tau_mmu,alpha,m_τ/m_μ,α,2.304534e+03,3.36258,1.125261,major 2nd (9:8),1.125000,0.4015,True,34568/15,0.0000,False,
alpha,CMB_dT_T,α,ΔT/T,1.459471e+02,2.16420,1.140211,major 2nd (9:8),1.125000,23.2515,False,2773/19,-0.0002,False,
alpha,epsilon_K_CP,α,ε_K,3.275293e+00,0.51525,1.637646,major 6th (5:3),1.666667,-30.4100,False,59/18,-0.0758,False,
CKM_lambda,alpha,λ,α,3.083310e+01,1.48902,1.927069,major 7th (15:8),1.875000,47.4209,False,185/6,-0.0008,False,
CKM_A,alpha,A,α,1.141510e+02,2.05748,1.783609,major 7th (15:8),1.875000,-86.5093,False,2283/20,0.0009,False,
CKM_rho,alpha,ρ,α,2.192576e+01,1.34095,1.370360,perfect 4th (4:3),1.333333,47.4209,False,285/13,0.0122,False,
CKM_eta,alpha,η,α,4.796260e+01,1.68090,1.498831,perfect 5th (3:2),1.500000,-1.3495,True,959/20,0.0263,False,
PMNS_sin2_12,alpha,sin²θ₁₂_ν,α,4.152191e+01,1.61828,1.297560,perfect 4th (4:3),1.333333,-47.0840,False,789/19,-0.0106,False,
PMNS_sin2_23,alpha,sin²θ₂₃_ν,α,7.838459e+01,1.89423,1.224759,major 3rd (5:4),1.250000,-35.3159,False,1019/13,-0.0000,False,
PMNS_sin2_13,alpha,sin²θ₁₃_ν,α,3.018903e+00,0.47985,1.509452,perfect 5th (3:2),1.500000,10.8743,True,3,0.6301,False,
sin2_thetaW,alpha_s_MZ,sin²θ_W,α_s(M_Z),1.961069e+00,0.29249,1.961069,octave (2:1),2.000000,-34.0319,False,39/20,0.5676,False,
mp_me,alpha_s_MZ,m_p/m_e,α_s(M_Z),1.557381e+04,4.19239,1.901100,major 7th (15:8),1.875000,23.9329,False,249181/16,0.0000,False,
Omega_matter,alpha_s_MZ,Ω_m,α_s(M_Z),2.674300e+00,0.42721,1.337150,perfect 4th (4:3),1.333333,4.9487,True,8/3,0.2863,False,
Omega_Lambda,alpha_s_MZ,Ω_Λ,α_s(M_Z),5.807464e+00,0.76399,1.451866,perfect 5th (3:2),1.500000,-56.4650,False,93/16,-0.0866,False,
alpha_s_MZ,Omega_baryon,α_s(M_Z),Ω_b,2.391481e+00,0.37867,1.195740,major 3rd (5:4),1.250000,-76.8287,False,43/18,0.1085,False,
n_s,alpha_s_MZ,n_s,α_s(M_Z),8.184054e+00,0.91297,1.023007,unison (1:1),1.000000,39.3789,False,90/11,0.0273,False,
alpha_s_MZ,electron_g-2,α_s(M_Z),(g-2)/2,1.016684e+02,2.00719,1.588569,major 6th (5:3),1.666667,-83.0854,False,305/3,0.0017,False,
mn_mp,alpha_s_MZ,m_n/m_p,α_s(M_Z),8.493456e+00,0.92908,1.061682,major 2nd (9:8),1.125000,-100.2880,False,17/2,-0.0770,False,
m_mu_me,alpha_s_MZ,m_μ/m_e,α_s(M_Z),1.753760e+03,3.24397,1.712656,major 6th (5:3),1.666667,47.1238,False,29814/17,-0.0003,False,
m_tau_me,alpha_s_MZ,m_τ/m_e,α_s(M_Z),2.949237e+04,4.46971,1.800071,major 7th (15:8),1.875000,-70.6040,False,560355/19,-0.0000,False,
m_tau_mmu,alpha_s_MZ,m_τ/m_μ,α_s(M_Z),1.426378e+02,2.15423,1.114358,major 2nd (9:8),1.125000,-16.4546,True,1569/11,0.0010,False,
alpha_s_MZ,CMB_dT_T,α_s(M_Z),ΔT/T,2.358000e+03,3.37254,1.151367,major 2nd (9:8),1.125000,40.1076,False,2358,0.0000,False,
alpha_s_MZ,epsilon_K_CP,α_s(M_Z),ε_K,5.291741e+01,1.72360,1.653669,major 6th (5:3),1.666667,-13.5539,True,635/12,0.0014,True,Kaon CP violation vs strong coupling
CKM_lambda,alpha_s_MZ,λ,α_s(M_Z),1.908397e+00,0.28067,1.908397,major 7th (15:8),1.875000,30.5648,False,21/11,-0.0364,False,
CKM_A,alpha_s_MZ,A,α_s(M_Z),7.065310e+00,0.84913,1.766327,major 6th (5:3),1.666667,100.5446,False,106/15,-0.0192,False,
CKM_rho,alpha_s_MZ,ρ,α_s(M_Z),1.357082e+00,0.13261,1.357082,perfect 4th (4:3),1.333333,30.5648,False,19/14,-0.0045,False,
CKM_eta,alpha_s_MZ,η,α_s(M_Z),2.968617e+00,0.47255,1.484309,perfect 5th (3:2),1.500000,-18.2056,True,59/20,0.6311,False,
PMNS_sin2_12,alpha_s_MZ,sin²θ₁₂_ν,α_s(M_Z),2.569975e+00,0.40993,1.284987,major 3rd (5:4),1.250000,47.7912,False,18/7,-0.0565,False,
PMNS_sin2_23,alpha_s_MZ,sin²θ₂₃_ν,α_s(M_Z),4.851569e+00,0.68588,1.212892,major 3rd (5:4),1.250000,-52.1720,False,97/20,0.0324,False,
alpha_s_MZ,PMNS_sin2_13,α_s(M_Z),sin²θ₁₃_ν,5.351793e+00,0.72850,1.337948,perfect 4th (4:3),1.333333,5.9818,True,91/17,-0.0214,False,
mp_me,sin2_thetaW,m_p/m_e,sin²θ_W,7.941493e+03,3.89990,1.938841,octave (2:1),2.000000,-53.7665,False,15883/2,-0.0001,False,
Omega_matter,sin2_thetaW,Ω_m,sin²θ_W,1.363695e+00,0.13472,1.363695,perfect 4th (4:3),1.333333,38.9806,False,15/11,0.0043,False,
Omega_Lambda,sin2_thetaW,Ω_Λ,sin²θ_W,2.961377e+00,0.47149,1.480689,perfect 5th (3:2),1.500000,-22.4331,False,59/20,0.3857,False,
sin2_thetaW,Omega_baryon,sin²θ_W,Ω_b,4.689858e+00,0.67116,1.172465,major 2nd (9:8),1.125000,71.5431,False,75/16,0.0503,False,
n_s,sin2_thetaW,n_s,sin²θ_W,4.173262e+00,0.62048,1.043316,unison (1:1),1.000000,73.4108,False,71/17,-0.0768,False,
sin2_thetaW,electron_g-2,sin²θ_W,(g-2)/2,1.993787e+02,2.29968,1.557646,perfect 5th (3:2),1.500000,65.2864,False,1595/8,0.0019,False,
mn_mp,sin2_thetaW,m_n/m_p,sin²θ_W,4.331034e+00,0.63659,1.082759,major 2nd (9:8),1.125000,-66.2561,False,13/3,-0.0531,False,
m_mu_me,sin2_thetaW,m_μ/m_e,sin²θ_W,8.942878e+02,2.95148,1.746656,major 6th (5:3),1.666667,81.1558,False,6260/7,0.0002,False,
m_tau_me,sin2_thetaW,m_τ/m_e,sin²θ_W,1.503893e+04,4.17722,1.835806,major 7th (15:8),1.875000,-36.5721,False,195506/13,0.0000,False,
m_tau_mmu,sin2_thetaW,m_τ/m_μ,sin²θ_W,7.273474e+01,1.86174,1.136480,major 2nd (9:8),1.125000,17.5773,True,1091/15,0.0019,False,
sin2_thetaW,CMB_dT_T,sin²θ_W,ΔT/T,4.624200e+03,3.66504,1.128955,major 2nd (9:8),1.125000,6.0757,True,23121/5,0.0000,False,
sin2_thetaW,epsilon_K_CP,sin²θ_W,ε_K,1.037747e+02,2.01609,1.621479,major 6th (5:3),1.666667,-47.5858,False,934/9,-0.0030,False,
sin2_thetaW,CKM_lambda,sin²θ_W,λ,1.027600e+00,0.01182,1.027600,unison (1:1),1.000000,47.1346,False,21/20,-2.1333,False,
CKM_A,sin2_thetaW,A,sin²θ_W,3.602785e+00,0.55664,1.801393,major 7th (15:8),1.875000,-69.3335,False,18/5,0.0774,False,
sin2_thetaW,CKM_rho,sin²θ_W,ρ,1.445062e+00,0.15989,1.445062,perfect 5th (3:2),1.500000,-64.5967,False,13/9,0.0428,False,
CKM_eta,sin2_thetaW,η,sin²θ_W,1.513775e+00,0.18006,1.513775,perfect 5th (3:2),1.500000,15.8263,True,29/19,-0.8216,False,
PMNS_sin2_12,sin2_thetaW,sin²θ₁₂_ν,sin²θ_W,1.310497e+00,0.11744,1.310497,perfect 4th (4:3),1.333333,-29.9082,False,21/16,-0.1526,False,
PMNS_sin2_23,sin2_thetaW,sin²θ₂₃_ν,sin²θ_W,2.473941e+00,0.39339,1.236971,major 3rd (5:4),1.250000,-18.1401,True,47/19,0.0104,False,
sin2_thetaW,PMNS_sin2_13,sin²θ_W,sin²θ₁₃_ν,1.049523e+01,1.02099,1.311904,perfect 4th (4:3),1.333333,-28.0501,False,21/2,-0.0454,False,
mp_me,Omega_matter,m_p/m_e,Ω_m,5.823510e+03,3.76518,1.421755,perfect 5th (3:2),1.500000,-92.7471,False,11647/2,0.0002,False,
mp_me,Omega_Lambda,m_p/m_e,Ω_Λ,2.681689e+03,3.42841,1.309419,perfect 4th (4:3),1.333333,-31.3333,False,42907/16,0.0001,False,
mp_me,Omega_baryon,m_p/m_e,Ω_b,3.724448e+04,4.57106,1.136611,major 2nd (9:8),1.125000,17.7766,True,707645/19,0.0000,False,
mp_me,n_s,m_p/m_e,n_s,1.902946e+03,3.27943,1.858346,major 7th (15:8),1.875000,-15.4460,True,36156/19,-0.0001,False,
mp_me,electron_g-2,m_p/m_e,(g-2)/2,1.583365e+06,6.19958,1.510015,perfect 5th (3:2),1.500000,11.5199,True,1583365,-0.0000,False,
mp_me,mn_mp,m_p/m_e,m_n/m_p,1.833625e+03,3.26331,1.790650,major 7th (15:8),1.875000,-79.6891,False,14669/8,0.0000,False,
mp_me,m_mu_me,m_p/m_e,m_μ/m_e,8.880243e+00,0.94842,1.110030,major 2nd (9:8),1.125000,-23.1909,False,151/17,-0.0238,True,Proton vs muon mass (factor ~ 8.9)
m_tau_me,mp_me,m_τ/m_e,m_p/m_e,1.893715e+00,0.27731,1.893715,major 7th (15:8),1.875000,17.1944,True,36/19,-0.0539,True,Tau vs proton mass (~ 1.9)
mp_me,m_tau_mmu,m_p/m_e,m_τ/m_μ,1.091843e+02,2.03816,1.706005,major 6th (5:3),1.666667,40.3875,False,1201/11,0.0023,False,
mp_me,CMB_dT_T,m_p/m_e,ΔT/T,3.672305e+07,7.56494,1.094432,major 2nd (9:8),1.125000,-47.6908,False,550845802/15,0.0000,False,
mp_me,epsilon_K_CP,m_p/m_e,ε_K,8.241260e+05,5.91599,1.571896,perfect 5th (3:2),1.500000,81.0514,False,824126,-0.0000,False,
mp_me,CKM_lambda,m_p/m_e,λ,8.160679e+03,3.91173,1.992353,octave (2:1),2.000000,-6.6319,True,155053/19,-0.0001,False,
mp_me,CKM_A,m_p/m_e,A,2.204265e+03,3.34326,1.076301,major 2nd (9:8),1.125000,-76.6117,False,33064/15,-0.0001,False,
mp_me,CKM_rho,m_p/m_e,ρ,1.147595e+04,4.05979,1.400873,perfect 4th (4:3),1.333333,85.5468,False,229519/20,0.0000,False,
mp_me,CKM_eta,m_p/m_e,η,5.246150e+03,3.71984,1.280798,major 3rd (5:4),1.250000,42.1385,False,104923/20,0.0000,False,
mp_me,PMNS_sin2_12,m_p/m_e,sin²θ₁₂_ν,6.059910e+03,3.78247,1.479470,perfect 5th (3:2),1.500000,-23.8583,False,66659/11,0.0000,False,
mp_me,PMNS_sin2_23,m_p/m_e,sin²θ₂₃_ν,3.210057e+03,3.50651,1.567411,perfect 5th (3:2),1.500000,76.1049,False,57781/18,0.0000,False,
mp_me,PMNS_sin2_13,m_p/m_e,sin²θ₁₃_ν,8.334783e+04,4.92089,1.271787,major 3rd (5:4),1.250000,29.9147,False,500087/6,-0.0000,False,
Omega_Lambda,Omega_matter,Ω_Λ,Ω_m,2.171583e+00,0.33678,1.085791,major 2nd (9:8),1.125000,-61.4138,False,37/17,-0.2246,True,Cosmic coincidence (matter-Lambda crossover)
Omega_matter,Omega_baryon,Ω_m,Ω_b,6.395538e+00,0.80588,1.598884,major 6th (5:3),1.666667,-71.8800,False,32/5,-0.0697,False,
n_s,Omega_matter,n_s,Ω_m,3.060260e+00,0.48576,1.530130,perfect 5th (3:2),1.500000,34.4301,False,52/17,0.0470,False,
Omega_matter,electron_g-2,Ω_m,(g-2)/2,2.718919e+02,2.43440,1.062078,major 2nd (9:8),1.125000,-99.6430,False,5166/19,-0.0011,False,
mn_mp,Omega_matter,m_n/m_p,Ω_m,3.175954e+00,0.50187,1.587977,major 6th (5:3),1.666667,-83.7305,False,54/17,-0.0163,False,
m_mu_me,Omega_matter,m_μ/m_e,Ω_m,6.557827e+02,2.81676,1.280826,major 3rd (5:4),1.250000,42.1751,False,9181/14,-0.0005,False,
m_tau_me,Omega_matter,m_τ/m_e,Ω_m,1.102807e+04,4.04250,1.346200,perfect 4th (4:3),1.333333,16.6260,True,165421/15,0.0000,False,
m_tau_mmu,Omega_matter,m_τ/m_μ,Ω_m,5.333650e+01,1.72702,1.666766,major 6th (5:3),1.666667,0.1029,True,160/3,0.0059,False,
Omega_matter,CMB_dT_T,Ω_m,ΔT/T,6.306000e+03,3.79975,1.539551,perfect 5th (3:2),1.500000,45.0563,False,6306,0.0000,False,
Omega_matter,epsilon_K_CP,Ω_m,ε_K,1.415171e+02,2.15081,1.105602,major 2nd (9:8),1.125000,-30.1114,False,2689/19,-0.0065,False,
Omega_matter,CKM_lambda,Ω_m,λ,1.401333e+00,0.14654,1.401333,perfect 4th (4:3),1.333333,86.1152,False,7/5,0.0952,False,
CKM_A,Omega_matter,A,Ω_m,2.641928e+00,0.42192,1.320964,perfect 4th (4:3),1.333333,-16.1354,True,37/14,-0.0351,False,
Omega_matter,CKM_rho,Ω_m,ρ,1.970625e+00,0.29460,1.970625,octave (2:1),2.000000,-25.6161,False,39/20,1.0577,False,
CKM_eta,Omega_matter,η,Ω_m,1.110054e+00,0.04534,1.110054,major 2nd (9:8),1.125000,-23.1543,False,10/9,-0.0951,False,
Omega_matter,PMNS_sin2_12,Ω_m,sin²θ₁₂_ν,1.040594e+00,0.01728,1.040594,unison (1:1),1.000000,68.8889,False,21/20,-0.8958,False,
PMNS_sin2_23,Omega_matter,sin²θ₂₃_ν,Ω_m,1.814145e+00,0.25867,1.814145,major 7th (15:8),1.875000,-57.1207,False,29/16,0.0908,False,
Omega_matter,PMNS_sin2_13,Ω_m,sin²θ₁₃_ν,1.431230e+01,1.15571,1.789038,major 7th (15:8),1.875000,-81.2482,False,229/16,-0.0014,False,
Omega_Lambda,Omega_baryon,Ω_Λ,Ω_b,1.388844e+01,1.14265,1.736055,major 6th (5:3),1.666667,70.6162,False,125/9,-0.0032,False,
n_s,Omega_Lambda,n_s,Ω_Λ,1.409230e+00,0.14898,1.409230,perfect 4th (4:3),1.333333,95.8439,False,24/17,-0.1795,False,
Omega_Lambda,electron_g-2,Ω_Λ,(g-2)/2,5.904357e+02,2.77117,1.153195,major 2nd (9:8),1.125000,42.8533,False,9447/16,-0.0003,False,
mn_mp,Omega_Lambda,m_n/m_p,Ω_Λ,1.462507e+00,0.16510,1.462507,perfect 5th (3:2),1.500000,-43.8230,False,19/13,0.0663,False,
m_mu_me,Omega_Lambda,m_μ/m_e,Ω_Λ,3.019838e+02,2.47998,1.179624,major 2nd (9:8),1.125000,82.0826,False,302,-0.0054,False,
m_tau_me,Omega_Lambda,m_τ/m_e,Ω_Λ,5.078355e+03,3.70572,1.239833,major 3rd (5:4),1.250000,-14.1389,True,71097/14,-0.0000,False,
m_tau_mmu,Omega_Lambda,m_τ/m_μ,Ω_Λ,2.456112e+01,1.39025,1.535070,perfect 5th (3:2),1.500000,40.0104,False,393/16,-0.0056,False,
Omega_Lambda,CMB_dT_T,Ω_Λ,ΔT/T,1.369400e+04,4.13653,1.671631,major 6th (5:3),1.666667,5.1488,True,13694,-0.0000,False,
Omega_Lambda,epsilon_K_CP,Ω_Λ,ε_K,3.073160e+02,2.48759,1.200453,major 3rd (5:4),1.250000,-70.0190,False,5839/19,0.0001,False,
Omega_Lambda,CKM_lambda,Ω_Λ,λ,3.043111e+00,0.48332,1.521556,perfect 5th (3:2),1.500000,24.7014,False,61/20,-0.2259,False,
CKM_A,Omega_Lambda,A,Ω_Λ,1.216591e+00,0.08514,1.216591,major 3rd (5:4),1.250000,-46.9003,False,17/14,0.1899,False,
Omega_Lambda,CKM_rho,Ω_Λ,ρ,4.279375e+00,0.63138,1.069844,major 2nd (9:8),1.125000,-87.0299,False,77/18,0.0373,False,
Omega_Lambda,CKM_eta,Ω_Λ,η,1.956286e+00,0.29143,1.956286,octave (2:1),2.000000,-38.2595,False,39/20,0.3223,False,
Omega_Lambda,PMNS_sin2_12,Ω_Λ,sin²θ₁₂_ν,2.259736e+00,0.35406,1.129868,major 2nd (9:8),1.125000,7.4751,True,43/19,-0.1512,False,
Omega_Lambda,PMNS_sin2_23,Ω_Λ,sin²θ₂₃_ν,1.197028e+00,0.07810,1.197028,major 3rd (5:4),1.250000,-74.9655,False,6/5,-0.2477,False,
Omega_Lambda,PMNS_sin2_13,Ω_Λ,sin²θ₁₃_ν,3.108034e+01,1.49249,1.942522,octave (2:1),2.000000,-50.4833,False,373/12,-0.0096,False,
n_s,Omega_baryon,n_s,Ω_b,1.957201e+01,1.29164,1.223251,major 3rd (5:4),1.250000,-37.4499,False,137/7,0.0030,False,
Omega_baryon,electron_g-2,Ω_b,(g-2)/2,4.251275e+01,1.62852,1.328523,perfect 4th (4:3),1.333333,-6.2567,True,85/2,0.0300,False,
mn_mp,Omega_baryon,m_n/m_p,Ω_b,2.031194e+01,1.30775,1.269496,major 3rd (5:4),1.250000,26.7933,False,325/16,-0.0028,False,
m_mu_me,Omega_baryon,m_μ/m_e,Ω_b,4.194083e+03,3.62264,1.023946,unison (1:1),1.000000,40.9676,False,50329/12,-0.0000,False,
m_tau_me,Omega_baryon,m_τ/m_e,Ω_b,7.053043e+04,4.84838,1.076209,major 2nd (9:8),1.125000,-76.7602,False,493713/7,-0.0000,False,
m_tau_mmu,Omega_baryon,m_τ/m_μ,Ω_b,3.411156e+02,2.53290,1.332483,perfect 4th (4:3),1.333333,-1.1046,True,5799/17,-0.0006,False,
Omega_baryon,CMB_dT_T,Ω_b,ΔT/T,9.860000e+02,2.99388,1.925781,major 7th (15:8),1.875000,46.2639,False,986,-0.0000,False,
Omega_baryon,epsilon_K_CP,Ω_b,ε_K,2.212747e+01,1.34493,1.382967,perfect 4th (4:3),1.333333,63.2748,False,177/8,0.0112,False,
CKM_lambda,Omega_baryon,λ,Ω_b,4.563895e+00,0.65934,1.140974,major 2nd (9:8),1.125000,24.4085,False,73/16,0.0306,False,
CKM_A,Omega_baryon,A,Ω_b,1.689655e+01,1.22780,1.056034,unison (1:1),1.000000,94.3883,False,321/19,0.0107,False,
CKM_rho,Omega_baryon,ρ,Ω_b,3.245436e+00,0.51127,1.622718,major 6th (5:3),1.666667,-46.2639,False,13/4,-0.1404,False,
CKM_eta,Omega_baryon,η,Ω_b,7.099391e+00,0.85122,1.774848,major 7th (15:8),1.875000,-95.0343,False,71/10,-0.0086,False,
PMNS_sin2_12,Omega_baryon,sin²θ₁₂_ν,Ω_b,6.146045e+00,0.78860,1.536511,perfect 5th (3:2),1.500000,41.6349,False,43/7,0.0519,False,
PMNS_sin2_23,Omega_baryon,sin²θ₂₃_ν,Ω_b,1.160243e+01,1.06455,1.450304,perfect 5th (3:2),1.500000,-58.3283,False,58/5,0.0210,False,
Omega_baryon,PMNS_sin2_13,Ω_b,sin²θ₁₃_ν,2.237857e+00,0.34983,1.118929,major 2nd (9:8),1.125000,-9.3682,True,38/17,0.1147,False,
n_s,electron_g-2,n_s,(g-2)/2,8.320598e+02,2.92015,1.625117,major 6th (5:3),1.666667,-43.7066,False,14145/17,0.0001,False,
mn_mp,n_s,m_n/m_p,n_s,1.037805e+00,0.01612,1.037805,unison (1:1),1.000000,64.2431,False,21/20,-1.1614,False,
m_mu_me,n_s,m_μ/m_e,n_s,2.142899e+02,2.33100,1.674140,major 6th (5:3),1.666667,7.7450,True,1500/7,0.0019,False,
m_tau_me,n_s,m_τ/m_e,n_s,3.603638e+03,3.55674,1.759589,major 6th (5:3),1.666667,93.9272,False,39640/11,0.0000,False,
m_tau_mmu,n_s,m_τ/m_μ,n_s,1.742875e+01,1.24127,1.089297,major 2nd (9:8),1.125000,-55.8335,False,122/7,0.0010,False,
n_s,CMB_dT_T,n_s,ΔT/T,1.929800e+04,4.28551,1.177856,major 2nd (9:8),1.125000,79.4865,False,19298,0.0000,False,
n_s,epsilon_K_CP,n_s,ε_K,4.330790e+02,2.63657,1.691715,major 6th (5:3),1.666667,25.8250,False,5630/13,0.0005,False,
n_s,CKM_lambda,n_s,λ,4.288444e+00,0.63230,1.072111,major 2nd (9:8),1.125000,-83.3647,False,30/7,0.0637,False,
n_s,CKM_A,n_s,A,1.158343e+00,0.06384,1.158343,major 2nd (9:8),1.125000,50.5655,False,22/19,0.0387,False,
n_s,CKM_rho,n_s,ρ,6.030625e+00,0.78036,1.507656,perfect 5th (3:2),1.500000,8.8140,True,121/20,-0.3202,False,
n_s,CKM_eta,n_s,η,2.756857e+00,0.44041,1.378429,perfect 4th (4:3),1.333333,57.5844,False,11/4,0.2494,False,
n_s,PMNS_sin2_12,n_s,sin²θ₁₂_ν,3.184488e+00,0.50304,1.592244,major 6th (5:3),1.666667,-79.0847,False,35/11,0.0839,False,
n_s,PMNS_sin2_23,n_s,sin²θ₂₃_ν,1.686888e+00,0.22709,1.686888,major 6th (5:3),1.666667,20.8784,False,27/16,-0.0363,False,
n_s,PMNS_sin2_13,n_s,sin²θ₁₃_ν,4.379936e+01,1.64147,1.368730,perfect 4th (4:3),1.333333,45.3606,False,219/5,-0.0015,False,
mn_mp,electron_g-2,m_n/m_p,(g-2)/2,8.635162e+02,2.93627,1.686555,major 6th (5:3),1.666667,20.5366,False,16407/19,-0.0012,False,
m_mu_me,electron_g-2,m_μ/m_e,(g-2)/2,1.783020e+05,5.25116,1.360336,perfect 4th (4:3),1.333333,34.7109,False,178302,-0.0000,False,
m_tau_me,electron_g-2,m_τ/m_e,(g-2)/2,2.998442e+06,6.47690,1.429769,perfect 5th (3:2),1.500000,-83.0169,False,17990653/6,0.0000,False,
m_tau_mmu,electron_g-2,m_τ/m_μ,(g-2)/2,1.450176e+04,4.16142,1.770235,major 7th (15:8),1.875000,-99.5400,False,246530/17,-0.0000,False,
electron_g-2,CMB_dT_T,(g-2)/2,ΔT/T,2.319304e+01,1.36536,1.449565,perfect 5th (3:2),1.500000,-59.2107,False,371/16,0.0239,False,
epsilon_K_CP,electron_g-2,ε_K,(g-2)/2,1.921266e+00,0.28359,1.921266,major 7th (15:8),1.875000,42.1998,False,25/13,-0.0942,False,
CKM_lambda,electron_g-2,λ,(g-2)/2,1.940237e+02,2.28785,1.515810,perfect 5th (3:2),1.500000,18.1518,True,194,0.0122,False,
CKM_A,electron_g-2,A,(g-2)/2,7.183188e+02,2.85632,1.402966,perfect 4th (4:3),1.333333,88.1316,False,13648/19,0.0004,False,
CKM_rho,electron_g-2,ρ,(g-2)/2,1.379724e+02,2.13979,1.077909,major 2nd (9:8),1.125000,-74.0269,False,2759/20,0.0162,False,
CKM_eta,electron_g-2,η,(g-2)/2,3.018146e+02,2.47974,1.178963,major 2nd (9:8),1.125000,81.1127,False,4829/16,0.0007,False,
PMNS_sin2_12,electron_g-2,sin²θ₁₂_ν,(g-2)/2,2.612852e+02,2.41711,1.020645,unison (1:1),1.000000,35.3782,False,1829/7,-0.0002,False,
PMNS_sin2_23,electron_g-2,sin²θ₂₃_ν,(g-2)/2,4.932513e+02,2.69307,1.926763,major 7th (15:8),1.875000,47.1463,False,1973/4,0.0003,False,
PMNS_sin2_13,electron_g-2,sin²θ₁₃_ν,(g-2)/2,1.899708e+01,1.27869,1.187317,major 3rd (5:4),1.250000,-89.0672,False,19,-0.0154,False,
m_mu_me,mn_mp,m_μ/m_e,m_n/m_p,2.064837e+02,2.31489,1.613154,major 6th (5:3),1.666667,-56.4981,False,3923/19,0.0048,False,
m_tau_me,mn_mp,m_τ/m_e,m_n/m_p,3.472364e+03,3.54063,1.695490,major 6th (5:3),1.666667,29.6841,False,38196/11,-0.0000,False,
m_tau_mmu,mn_mp,m_τ/m_μ,m_n/m_p,1.679385e+01,1.22515,1.049616,unison (1:1),1.000000,83.8334,False,319/19,0.0261,False,
mn_mp,CMB_dT_T,m_n/m_p,ΔT/T,2.002757e+04,4.30163,1.222386,major 3rd (5:4),1.250000,-38.6741,False,140193/7,-0.0000,False,
mn_mp,epsilon_K_CP,m_n/m_p,ε_K,4.494517e+02,2.65268,1.755671,major 6th (5:3),1.666667,90.0681,False,8989/20,0.0004,False,
mn_mp,CKM_lambda,m_n/m_p,λ,4.450571e+00,0.64842,1.112643,major 2nd (9:8),1.125000,-19.1216,True,89/20,0.0128,False,
mn_mp,CKM_A,m_n/m_p,A,1.202135e+00,0.07995,1.202135,major 3rd (5:4),1.250000,-67.5951,False,6/5,0.1779,False,
mn_mp,CKM_rho,m_n/m_p,ρ,6.258615e+00,0.79648,1.564654,perfect 5th (3:2),1.500000,73.0572,False,119/19,-0.0725,False,
mn_mp,CKM_eta,m_n/m_p,η,2.861081e+00,0.45653,1.430541,perfect 5th (3:2),1.500000,-82.0825,False,20/7,0.1378,False,
mn_mp,PMNS_sin2_12,m_n/m_p,sin²θ₁₂_ν,3.304879e+00,0.51916,1.652440,major 6th (5:3),1.666667,-14.8416,True,43/13,-0.0850,False,
mn_mp,PMNS_sin2_23,m_n/m_p,sin²θ₂₃_ν,1.750662e+00,0.24320,1.750662,major 6th (5:3),1.666667,85.1215,False,7/4,0.0378,False,
mn_mp,PMNS_sin2_13,m_n/m_p,sin²θ₁₃_ν,4.545522e+01,1.65758,1.420476,perfect 5th (3:2),1.500000,-94.3062,False,500/11,0.0015,False,
m_tau_me,m_mu_me,m_τ/m_e,m_μ/m_e,1.681665e+01,1.22574,1.051041,unison (1:1),1.000000,86.1822,False,185/11,-0.0091,False,
m_mu_me,m_tau_mmu,m_μ/m_e,m_τ/m_μ,1.229519e+01,1.08974,1.536899,perfect 5th (3:2),1.500000,42.0722,False,209/17,0.0088,True,Lepton mass ratio chain
m_mu_me,CMB_dT_T,m_μ/m_e,ΔT/T,4.135366e+06,6.61651,1.971896,octave (2:1),2.000000,-24.4998,False,12406097/3,-0.0000,False,
m_mu_me,epsilon_K_CP,m_μ/m_e,ε_K,9.280444e+04,4.96757,1.416083,perfect 5th (3:2),1.500000,-99.6676,False,1484871/16,-0.0000,False,
m_mu_me,CKM_lambda,m_μ/m_e,λ,9.189701e+02,2.96330,1.794864,major 7th (15:8),1.875000,-75.6197,False,18379/20,0.0022,False,
m_mu_me,CKM_A,m_μ/m_e,A,2.482212e+02,2.39484,1.939228,octave (2:1),2.000000,-53.4208,False,2234/9,-0.0004,False,
m_mu_me,CKM_rho,m_μ/m_e,ρ,1.292302e+03,3.11136,1.262013,major 3rd (5:4),1.250000,16.5590,True,12923/10,0.0001,False,
m_mu_me,CKM_eta,m_μ/m_e,η,5.907665e+02,2.77142,1.153841,major 2nd (9:8),1.125000,43.8231,False,10043/17,0.0003,False,
m_mu_me,PMNS_sin2_12,m_μ/m_e,sin²θ₁₂_ν,6.824036e+02,2.83404,1.332819,perfect 4th (4:3),1.333333,-0.6673,True,3412/5,0.0005,False,
m_mu_me,PMNS_sin2_23,m_μ/m_e,sin²θ₂₃_ν,3.614830e+02,2.55809,1.412043,perfect 4th (4:3),1.333333,99.2958,False,6868/19,0.0026,False,
m_mu_me,PMNS_sin2_13,m_μ/m_e,sin²θ₁₃_ν,9.385760e+03,3.97247,1.145723,major 2nd (9:8),1.125000,31.5993,False,159558/17,-0.0001,False,
m_tau_me,m_tau_mmu,m_τ/m_e,m_τ/m_μ,2.067640e+02,2.31547,1.615344,major 6th (5:3),1.666667,-54.1494,False,3515/17,-0.0003,False,
m_tau_me,CMB_dT_T,m_τ/m_e,ΔT/T,6.954300e+07,7.84225,1.036271,unison (1:1),1.000000,61.6824,False,69543000,0.0000,False,
m_tau_me,epsilon_K_CP,m_τ/m_e,ε_K,1.560660e+06,6.19331,1.488361,perfect 5th (3:2),1.500000,-13.4854,True,21849237/14,-0.0000,False,
m_tau_me,CKM_lambda,m_τ/m_e,λ,1.545400e+04,4.18904,1.886475,major 7th (15:8),1.875000,10.5625,True,15454,0.0000,False,
m_tau_me,CKM_A,m_τ/m_e,A,4.174250e+03,3.62058,1.019104,unison (1:1),1.000000,32.7614,False,16697/4,-0.0000,False,
m_tau_me,CKM_rho,m_τ/m_e,ρ,2.173219e+04,4.33710,1.326427,perfect 4th (4:3),1.333333,-8.9901,True,347715/16,0.0000,False,
m_tau_me,CKM_eta,m_τ/m_e,η,9.934714e+03,3.99716,1.212734,major 3rd (5:4),1.250000,-52.3984,False,69543/7,0.0000,False,
m_tau_me,PMNS_sin2_12,m_τ/m_e,sin²θ₁₂_ν,1.147574e+04,4.05978,1.400847,perfect 4th (4:3),1.333333,85.5149,False,218039/19,0.0000,False,
m_tau_me,PMNS_sin2_23,m_τ/m_e,sin²θ₂₃_ν,6.078934e+03,3.78383,1.484115,perfect 5th (3:2),1.500000,-18.4320,True,91184/15,0.0000,False,
m_tau_me,PMNS_sin2_13,m_τ/m_e,sin²θ₁₃_ν,1.578370e+05,5.19821,1.204201,major 3rd (5:4),1.250000,-64.6222,False,3156741/20,-0.0000,False,
m_tau_mmu,CMB_dT_T,m_τ/m_μ,ΔT/T,3.363400e+05,5.52678,1.283035,major 3rd (5:4),1.250000,45.1593,False,336340,0.0000,False,
m_tau_mmu,epsilon_K_CP,m_τ/m_μ,ε_K,7.548025e+03,3.87783,1.842780,major 7th (15:8),1.875000,-30.0085,False,150961/20,-0.0003,False,
m_tau_mmu,CKM_lambda,m_τ/m_μ,λ,7.474222e+01,1.87357,1.167847,major 2nd (9:8),1.125000,64.7119,False,1420/19,0.0072,False,
m_tau_mmu,CKM_A,m_τ/m_μ,A,2.018848e+01,1.30510,1.261780,major 3rd (5:4),1.250000,16.2384,True,323/16,0.0048,False,
m_tau_mmu,CKM_rho,m_τ/m_μ,ρ,1.051063e+02,2.02163,1.642285,major 6th (5:3),1.666667,-25.5131,False,1997/19,0.0009,False,
m_tau_mmu,CKM_eta,m_τ/m_μ,η,4.804857e+01,1.68168,1.501518,perfect 5th (3:2),1.500000,1.7510,True,961/20,-0.0030,False,
m_tau_mmu,PMNS_sin2_12,m_τ/m_μ,sin²θ₁₂_ν,5.550165e+01,1.74431,1.734427,major 6th (5:3),1.666667,68.9918,False,111/2,0.0030,False,
m_tau_mmu,PMNS_sin2_23,m_τ/m_μ,sin²θ₂₃_ν,2.940035e+01,1.46835,1.837522,major 7th (15:8),1.875000,-34.9550,False,147/5,0.0012,False,
m_tau_mmu,PMNS_sin2_13,m_τ/m_μ,sin²θ₁₃_ν,7.633681e+02,2.88273,1.490953,perfect 5th (3:2),1.500000,-10.4728,True,14504/19,-0.0000,False,
epsilon_K_CP,CMB_dT_T,ε_K,ΔT/T,4.456000e+01,1.64895,1.392500,perfect 4th (4:3),1.333333,75.1678,False,713/16,-0.0056,False,
CKM_lambda,CMB_dT_T,λ,ΔT/T,4.500000e+03,3.65321,1.098633,major 2nd (9:8),1.125000,-41.0589,False,4500,0.0000,False,
CKM_A,CMB_dT_T,A,ΔT/T,1.666000e+04,4.22167,1.016846,unison (1:1),1.000000,28.9209,False,16660,0.0000,False,
CKM_rho,CMB_dT_T,ρ,ΔT/T,3.200000e+03,3.50515,1.562500,perfect 5th (3:2),1.500000,70.6724,False,3200,0.0000,False,
CKM_eta,CMB_dT_T,η,ΔT/T,7.000000e+03,3.84510,1.708984,major 6th (5:3),1.666667,43.4083,False,7000,-0.0000,False,
PMNS_sin2_12,CMB_dT_T,sin²θ₁₂_ν,ΔT/T,6.060000e+03,3.78247,1.479492,perfect 5th (3:2),1.500000,-23.8325,False,6060,-0.0000,False,
PMNS_sin2_23,CMB_dT_T,sin²θ₂₃_ν,ΔT/T,1.144000e+04,4.05843,1.396484,perfect 4th (4:3),1.333333,80.1143,False,11440,-0.0000,False,
PMNS_sin2_13,CMB_dT_T,sin²θ₁₃_ν,ΔT/T,4.406000e+02,2.64404,1.721094,major 6th (5:3),1.666667,55.6321,False,2203/5,0.0000,False,
CKM_lambda,epsilon_K_CP,λ,ε_K,1.009874e+02,2.00427,1.577929,perfect 5th (3:2),1.500000,87.6833,False,101,-0.0124,False,
CKM_A,epsilon_K_CP,A,ε_K,3.738779e+02,2.57273,1.460461,perfect 5th (3:2),1.500000,-46.2469,False,2991/8,0.0008,False,
CKM_rho,epsilon_K_CP,ρ,ε_K,7.181329e+01,1.85620,1.122083,major 2nd (9:8),1.125000,-4.4954,True,1149/16,0.0011,False,
CKM_eta,epsilon_K_CP,η,ε_K,1.570916e+02,2.19615,1.227278,major 3rd (5:4),1.250000,-31.7595,False,1728/11,0.0004,False,
PMNS_sin2_12,epsilon_K_CP,sin²θ₁₂_ν,ε_K,1.359964e+02,2.13353,1.062472,major 2nd (9:8),1.125000,-99.0003,False,136,-0.0026,False,
PMNS_sin2_23,epsilon_K_CP,sin²θ₂₃_ν,ε_K,2.567325e+02,2.40948,1.002861,unison (1:1),1.000000,4.9465,True,3851/15,-0.0003,False,
PMNS_sin2_13,epsilon_K_CP,sin²θ₁₃_ν,ε_K,9.887792e+00,0.99510,1.235974,major 3rd (5:4),1.250000,-19.5357,True,89/9,-0.0111,False,
CKM_A,CKM_lambda,A,λ,3.702222e+00,0.56846,1.851111,major 7th (15:8),1.875000,-22.1989,False,37/10,0.0601,False,
CKM_lambda,CKM_rho,λ,ρ,1.406250e+00,0.14806,1.406250,perfect 4th (4:3),1.333333,92.1787,False,24/17,-0.3906,False,
CKM_eta,CKM_lambda,η,λ,1.555556e+00,0.19189,1.555556,perfect 5th (3:2),1.500000,62.9609,False,14/9,-0.0000,False,
PMNS_sin2_12,CKM_lambda,sin²θ₁₂_ν,λ,1.346667e+00,0.12926,1.346667,perfect 4th (4:3),1.333333,17.2264,True,27/20,-0.2469,False,
PMNS_sin2_23,CKM_lambda,sin²θ₂₃_ν,λ,2.542222e+00,0.40521,1.271111,major 3rd (5:4),1.250000,28.9945,False,28/11,-0.1270,False,
CKM_lambda,PMNS_sin2_13,λ,sin²θ₁₃_ν,1.021335e+01,1.00917,1.276668,major 3rd (5:4),1.250000,36.5466,False,143/14,-0.0092,False,
CKM_A,CKM_rho,A,ρ,5.206250e+00,0.71653,1.301562,perfect 4th (4:3),1.333333,-41.7515,False,99/19,-0.0821,False,
CKM_A,CKM_eta,A,η,2.380000e+00,0.37658,1.190000,major 3rd (5:4),1.250000,-85.1598,False,31/13,-0.1935,False,
CKM_A,PMNS_sin2_12,A,sin²θ₁₂_ν,2.749175e+00,0.43920,1.374587,perfect 4th (4:3),1.333333,52.7534,False,11/4,-0.0300,False,
CKM_A,PMNS_sin2_23,A,sin²θ₂₃_ν,1.456294e+00,0.16325,1.456294,perfect 5th (3:2),1.500000,-51.1934,False,16/11,0.1202,False,
CKM_A,PMNS_sin2_13,A,sin²θ₁₃_ν,3.781207e+01,1.57763,1.181627,major 2nd (9:8),1.125000,85.0201,False,605/16,-0.0011,False,
CKM_eta,CKM_rho,η,ρ,2.187500e+00,0.33995,1.093750,major 2nd (9:8),1.125000,-48.7704,False,35/16,0.0000,False,
PMNS_sin2_12,CKM_rho,sin²θ₁₂_ν,ρ,1.893750e+00,0.27732,1.893750,major 7th (15:8),1.875000,17.2264,True,36/19,-0.0521,False,
PMNS_sin2_23,CKM_rho,sin²θ₂₃_ν,ρ,3.575000e+00,0.55328,1.787500,major 7th (15:8),1.875000,-82.7368,False,25/7,0.1000,False,
CKM_rho,PMNS_sin2_13,ρ,sin²θ₁₃_ν,7.262823e+00,0.86111,1.815706,major 7th (15:8),1.875000,-55.6321,False,138/19,-0.0046,False,
CKM_eta,PMNS_sin2_12,η,sin²θ₁₂_ν,1.155116e+00,0.06263,1.155116,major 2nd (9:8),1.125000,45.7346,False,15/13,0.1100,False,
PMNS_sin2_23,CKM_eta,sin²θ₂₃_ν,η,1.634286e+00,0.21333,1.634286,major 6th (5:3),1.666667,-33.9664,False,18/11,-0.1270,False,
CKM_eta,PMNS_sin2_13,η,sin²θ₁₃_ν,1.588743e+01,1.20105,1.985928,octave (2:1),2.000000,-12.2238,True,143/9,-0.0092,False,
PMNS_sin2_23,PMNS_sin2_12,sin²θ₂₃_ν,sin²θ₁₂_ν,1.887789e+00,0.27595,1.887789,major 7th (15:8),1.875000,11.7681,True,17/9,-0.0582,False,
PMNS_sin2_12,PMNS_sin2_13,sin²θ₁₂_ν,sin²θ₁₃_ν,1.375397e+01,1.13843,1.719246,major 6th (5:3),1.666667,53.7730,False,55/4,0.0289,False,
PMNS_sin2_23,PMNS_sin2_13,sin²θ₂₃_ν,sin²θ₁₃_ν,2.596459e+01,1.41438,1.622787,major 6th (5:3),1.666667,-46.1902,False,519/20,0.0562,False,
