id,lat,lon,type,source
ZEN0001,-8.843822,-67.253296,Amazon Arch,Peripato2023_Zenodo_10214943
ZEN0002,-11.133333,-66.150000,Amazon Arch,Peripato2023_Zenodo_10214943
ZEN0003,-11.181389,-66.183889,Amazon Arch,Peripato2023_Zenodo_10214943
ZEN0004,-11.224444,-66.238056,Amazon Arch,Peripato2023_Zenodo_10214943
ZEN0005,-11.064444,-66.320278,Amazon Arch,Peripato2023_Zenodo_10214943
ZEN0006,-10.988056,-66.010278,Amazon Arch,Peripato2023_Zenodo_10214943
ZEN0007,-10.973333,-66.014444,Amazon Arch,Peripato2023_Zenodo_10214943
ZEN0008,-11.035833,-66.128611,Amazon Arch,Peripato2023_Zenodo_10214943
ZEN0009,-8.886457,-67.172119,Amazon Arch,Peripato2023_Zenodo_10214943
ZEN0010,-10.306902,-67.220108,Amazon Arch,Peripato2023_Zenodo_10214943
ZEN0011,-10.216468,-67.177322,Amazon Arch,Peripato2023_Zenodo_10214943
ZEN0012,-10.217768,-67.158638,Amazon Arch,Peripato2023_Zenodo_10214943
ZEN0013,-9.872500,-67.533890,Amazon Arch,Peripato2023_Zenodo_10214943
ZEN0014,-9.963056,-67.496941,Amazon Arch,Peripato2023_Zenodo_10214943
ZEN0015,-10.070833,-67.544724,Amazon Arch,Peripato2023_Zenodo_10214943
ZEN0016,-10.295278,-67.652779,Amazon Arch,Peripato2023_Zenodo_10214943
ZEN0017,-9.787222,-67.344170,Amazon Arch,Peripato2023_Zenodo_10214943
ZEN0018,-9.771389,-67.344719,Amazon Arch,Peripato2023_Zenodo_10214943
ZEN0019,-10.079722,-67.571114,Amazon Arch,Peripato2023_Zenodo_10214943
ZEN0020,-10.523973,-67.632858,Amazon Arch,Peripato2023_Zenodo_10214943
ZEN0021,-10.328333,-67.541115,Amazon Arch,Peripato2023_Zenodo_10214943
ZEN0022,-10.433333,-67.566391,Amazon Arch,Peripato2023_Zenodo_10214943
ZEN0023,-10.357224,-67.607498,Amazon Arch,Peripato2023_Zenodo_10214943
ZEN0024,-9.963611,-67.490555,Amazon Arch,Peripato2023_Zenodo_10214943
ZEN0025,-9.696111,-67.916946,Amazon Arch,Peripato2023_Zenodo_10214943
ZEN0026,-9.827778,-67.746948,Amazon Arch,Peripato2023_Zenodo_10214943
ZEN0027,-9.933251,-67.597769,Amazon Arch,Peripato2023_Zenodo_10214943
ZEN0028,-10.051667,-68.185280,Amazon Arch,Peripato2023_Zenodo_10214943
ZEN0029,-10.025000,-67.507225,Amazon Arch,Peripato2023_Zenodo_10214943
ZEN0030,-10.000833,-68.011665,Amazon Arch,Peripato2023_Zenodo_10214943
ZEN0031,-9.978889,-67.673615,Amazon Arch,Peripato2023_Zenodo_10214943
ZEN0032,-9.978019,-67.665207,Amazon Arch,Peripato2023_Zenodo_10214943
ZEN0033,-9.128299,-67.283331,Amazon Arch,Peripato2023_Zenodo_10214943
ZEN0034,-9.121289,-67.277087,Amazon Arch,Peripato2023_Zenodo_10214943
ZEN0035,-9.132850,-67.276495,Amazon Arch,Peripato2023_Zenodo_10214943
ZEN0036,-9.232013,-67.282249,Amazon Arch,Peripato2023_Zenodo_10214943
ZEN0037,-12.285168,-64.317850,Amazon Arch,Peripato2023_Zenodo_10214943
ZEN0038,-12.222443,-63.433891,Amazon Arch,Peripato2023_Zenodo_10214943
ZEN0039,-12.189698,-63.430146,Amazon Arch,Peripato2023_Zenodo_10214943
ZEN0040,-11.613898,-65.138420,Amazon Arch,Peripato2023_Zenodo_10214943
ZEN0041,-12.460069,-64.174540,Amazon Arch,Peripato2023_Zenodo_10214943
ZEN0042,-12.432514,-64.212607,Amazon Arch,Peripato2023_Zenodo_10214943
ZEN0043,-12.437233,-64.335981,Amazon Arch,Peripato2023_Zenodo_10214943
ZEN0044,-12.017119,-64.825282,Amazon Arch,Peripato2023_Zenodo_10214943
ZEN0045,-13.075000,-62.276667,Amazon Arch,Peripato2023_Zenodo_10214943
ZEN0046,-13.028333,-62.213056,Amazon Arch,Peripato2023_Zenodo_10214943
ZEN0047,-13.055278,-62.250000,Amazon Arch,Peripato2023_Zenodo_10214943
ZEN0048,-13.055000,-62.565278,Amazon Arch,Peripato2023_Zenodo_10214943
ZEN0049,-2.706999,-54.895503,Amazon Arch,Peripato2023_Zenodo_10214943
ZEN0050,-2.727352,-54.901563,Amazon Arch,Peripato2023_Zenodo_10214943
ZEN0051,-2.686941,-54.871551,Amazon Arch,Peripato2023_Zenodo_10214943
ZEN0052,-2.655826,-54.832435,Amazon Arch,Peripato2023_Zenodo_10214943
ZEN0053,-2.640148,-54.780727,Amazon Arch,Peripato2023_Zenodo_10214943
ZEN0054,-2.621383,-54.731841,Amazon Arch,Peripato2023_Zenodo_10214943
ZEN0055,-2.727337,-54.966110,Amazon Arch,Peripato2023_Zenodo_10214943
ZEN0056,-2.831357,-54.890230,Amazon Arch,Peripato2023_Zenodo_10214943
ZEN0057,-2.622418,-54.754438,Amazon Arch,Peripato2023_Zenodo_10214943
ZEN0058,-2.640862,-54.816199,Amazon Arch,Peripato2023_Zenodo_10214943
ZEN0059,-2.639591,-54.812956,Amazon Arch,Peripato2023_Zenodo_10214943
ZEN0060,-2.651100,-54.818123,Amazon Arch,Peripato2023_Zenodo_10214943
ZEN0061,-2.561375,-54.711463,Amazon Arch,Peripato2023_Zenodo_10214943
ZEN0062,-2.681753,-54.956943,Amazon Arch,Peripato2023_Zenodo_10214943
ZEN0063,-2.581329,-54.717989,Amazon Arch,Peripato2023_Zenodo_10214943
ZEN0064,-2.739311,-54.941625,Amazon Arch,Peripato2023_Zenodo_10214943
ZEN0065,-2.733421,-54.918330,Amazon Arch,Peripato2023_Zenodo_10214943
ZEN0066,-2.735724,-54.922030,Amazon Arch,Peripato2023_Zenodo_10214943
ZEN0067,-2.567230,-54.719722,Amazon Arch,Peripato2023_Zenodo_10214943
ZEN0068,-2.746472,-54.957248,Amazon Arch,Peripato2023_Zenodo_10214943
ZEN0069,-2.666999,-54.831463,Amazon Arch,Peripato2023_Zenodo_10214943
ZEN0070,-2.735113,-54.966582,Amazon Arch,Peripato2023_Zenodo_10214943
ZEN0071,-2.586934,-54.810125,Amazon Arch,Peripato2023_Zenodo_10214943
ZEN0072,-2.751146,-54.900218,Amazon Arch,Peripato2023_Zenodo_10214943
ZEN0073,-2.626219,-54.859159,Amazon Arch,Peripato2023_Zenodo_10214943
ZEN0074,-2.734268,-54.969038,Amazon Arch,Peripato2023_Zenodo_10214943
ZEN0075,-2.714261,-54.964675,Amazon Arch,Peripato2023_Zenodo_10214943
ZEN0076,-9.183170,-67.197400,Amazon Arch,Peripato2023_Zenodo_10214943
ZEN0077,-10.713322,-68.179398,Amazon Arch,Peripato2023_Zenodo_10214943
ZEN0078,-10.702347,-68.169146,Amazon Arch,Peripato2023_Zenodo_10214943
ZEN0079,-10.759394,-68.189317,Amazon Arch,Peripato2023_Zenodo_10214943
ZEN0080,-10.762333,-68.151108,Amazon Arch,Peripato2023_Zenodo_10214943
ZEN0081,-10.601693,-67.727483,Amazon Arch,Peripato2023_Zenodo_10214943
ZEN0082,-10.594513,-67.689226,Amazon Arch,Peripato2023_Zenodo_10214943
ZEN0083,-10.243546,-67.666053,Amazon Arch,Peripato2023_Zenodo_10214943
ZEN0084,-10.350786,-67.714212,Amazon Arch,Peripato2023_Zenodo_10214943
ZEN0085,-10.208469,-67.656959,Amazon Arch,Peripato2023_Zenodo_10214943
ZEN0086,-10.668527,-68.314719,Amazon Arch,Peripato2023_Zenodo_10214943
ZEN0087,-10.365821,-67.722200,Amazon Arch,Peripato2023_Zenodo_10214943
ZEN0088,-13.648658,-63.672398,Amazon Arch,Peripato2023_Zenodo_10214943
ZEN0089,-13.633606,-63.655538,Amazon Arch,Peripato2023_Zenodo_10214943
ZEN0090,-13.641680,-63.655273,Amazon Arch,Peripato2023_Zenodo_10214943
ZEN0091,-13.724250,-63.490249,Amazon Arch,Peripato2023_Zenodo_10214943
ZEN0092,-13.741228,-63.452877,Amazon Arch,Peripato2023_Zenodo_10214943
ZEN0093,-13.692825,-63.434869,Amazon Arch,Peripato2023_Zenodo_10214943
ZEN0094,-9.729242,-67.064543,Amazon Arch,Peripato2023_Zenodo_10214943
ZEN0095,-10.598007,-67.803007,Amazon Arch,Peripato2023_Zenodo_10214943
ZEN0096,-10.607627,-67.695869,Amazon Arch,Peripato2023_Zenodo_10214943
ZEN0097,-10.391838,-67.713998,Amazon Arch,Peripato2023_Zenodo_10214943
ZEN0098,-10.266761,-67.535696,Amazon Arch,Peripato2023_Zenodo_10214943
ZEN0099,-10.218048,-67.274222,Amazon Arch,Peripato2023_Zenodo_10214943
ZEN0100,-10.167224,-67.388026,Amazon Arch,Peripato2023_Zenodo_10214943
ZEN0101,-10.100060,-67.373946,Amazon Arch,Peripato2023_Zenodo_10214943
ZEN0102,-10.152435,-67.582351,Amazon Arch,Peripato2023_Zenodo_10214943
ZEN0103,-10.155483,-67.858510,Amazon Arch,Peripato2023_Zenodo_10214943
ZEN0104,-10.080162,-67.422674,Amazon Arch,Peripato2023_Zenodo_10214943
ZEN0105,-10.033720,-67.255341,Amazon Arch,Peripato2023_Zenodo_10214943
ZEN0106,-10.014817,-67.142155,Amazon Arch,Peripato2023_Zenodo_10214943
ZEN0107,-9.991005,-67.189595,Amazon Arch,Peripato2023_Zenodo_10214943
ZEN0108,-9.891143,-66.859988,Amazon Arch,Peripato2023_Zenodo_10214943
ZEN0109,-10.040205,-66.903337,Amazon Arch,Peripato2023_Zenodo_10214943
ZEN0110,-9.855355,-67.232384,Amazon Arch,Peripato2023_Zenodo_10214943
ZEN0111,-9.764986,-67.192999,Amazon Arch,Peripato2023_Zenodo_10214943
ZEN0112,-9.749338,-67.196583,Amazon Arch,Peripato2023_Zenodo_10214943
ZEN0113,-10.623679,-67.820174,Amazon Arch,Peripato2023_Zenodo_10214943
ZEN0114,-10.322421,-67.796091,Amazon Arch,Peripato2023_Zenodo_10214943
ZEN0115,-11.892768,-62.334314,Amazon Arch,Peripato2023_Zenodo_10214943
ZEN0116,-10.672575,-67.691387,Amazon Arch,Peripato2023_Zenodo_10214943
ZEN0117,-10.087187,-67.312985,Amazon Arch,Peripato2023_Zenodo_10214943
ZEN0118,-10.328122,-67.604206,Amazon Arch,Peripato2023_Zenodo_10214943
ZEN0119,-10.613659,-67.810092,Amazon Arch,Peripato2023_Zenodo_10214943
ZEN0120,-9.773486,-66.046702,Amazon Arch,Peripato2023_Zenodo_10214943
ZEN0121,-13.250814,-61.903712,Amazon Arch,Peripato2023_Zenodo_10214943
ZEN0122,-9.784720,-66.948000,Amazon Arch,Peripato2023_Zenodo_10214943
ZEN0123,-9.740170,-67.138400,Amazon Arch,Peripato2023_Zenodo_10214943
ZEN0124,-9.758210,-67.161400,Amazon Arch,Peripato2023_Zenodo_10214943
ZEN0125,-9.108840,-67.246300,Amazon Arch,Peripato2023_Zenodo_10214943
ZEN0126,-9.792170,-66.637000,Amazon Arch,Peripato2023_Zenodo_10214943
ZEN0127,-10.074000,-67.320700,Amazon Arch,Peripato2023_Zenodo_10214943
ZEN0128,-9.219650,-67.203700,Amazon Arch,Peripato2023_Zenodo_10214943
ZEN0129,-9.211900,-67.200800,Amazon Arch,Peripato2023_Zenodo_10214943
ZEN0130,-9.186110,-67.195600,Amazon Arch,Peripato2023_Zenodo_10214943
ZEN0131,-9.188540,-67.204100,Amazon Arch,Peripato2023_Zenodo_10214943
ZEN0132,-9.213080,-67.231000,Amazon Arch,Peripato2023_Zenodo_10214943
ZEN0133,-9.109360,-67.244300,Amazon Arch,Peripato2023_Zenodo_10214943
ZEN0134,-9.108190,-67.235100,Amazon Arch,Peripato2023_Zenodo_10214943
ZEN0135,-9.128310,-67.213300,Amazon Arch,Peripato2023_Zenodo_10214943
ZEN0136,-9.156240,-67.223700,Amazon Arch,Peripato2023_Zenodo_10214943
ZEN0137,-9.154680,-67.224000,Amazon Arch,Peripato2023_Zenodo_10214943
ZEN0138,-9.157990,-67.226100,Amazon Arch,Peripato2023_Zenodo_10214943
ZEN0139,-9.159240,-67.218400,Amazon Arch,Peripato2023_Zenodo_10214943
ZEN0140,-9.167230,-67.165900,Amazon Arch,Peripato2023_Zenodo_10214943
ZEN0141,-9.172110,-67.165400,Amazon Arch,Peripato2023_Zenodo_10214943
ZEN0142,-9.177410,-67.164500,Amazon Arch,Peripato2023_Zenodo_10214943
ZEN0143,-9.183260,-67.155200,Amazon Arch,Peripato2023_Zenodo_10214943
ZEN0144,-9.154400,-67.149400,Amazon Arch,Peripato2023_Zenodo_10214943
ZEN0145,-9.052170,-67.196300,Amazon Arch,Peripato2023_Zenodo_10214943
ZEN0146,-9.044730,-67.188300,Amazon Arch,Peripato2023_Zenodo_10214943
ZEN0147,-9.014120,-67.229300,Amazon Arch,Peripato2023_Zenodo_10214943
ZEN0148,-8.989310,-67.141900,Amazon Arch,Peripato2023_Zenodo_10214943
ZEN0149,-9.000690,-67.175400,Amazon Arch,Peripato2023_Zenodo_10214943
ZEN0150,-9.008510,-67.266600,Amazon Arch,Peripato2023_Zenodo_10214943
ZEN0151,-9.587160,-67.279900,Amazon Arch,Peripato2023_Zenodo_10214943
ZEN0152,-9.472480,-67.273400,Amazon Arch,Peripato2023_Zenodo_10214943
ZEN0153,-9.563910,-67.173500,Amazon Arch,Peripato2023_Zenodo_10214943
ZEN0154,-9.559740,-67.169800,Amazon Arch,Peripato2023_Zenodo_10214943
ZEN0155,-9.548290,-67.166800,Amazon Arch,Peripato2023_Zenodo_10214943
ZEN0156,-9.640170,-67.167500,Amazon Arch,Peripato2023_Zenodo_10214943
ZEN0157,-10.075700,-67.318000,Amazon Arch,Peripato2023_Zenodo_10214943
ZEN0158,-10.047200,-67.304200,Amazon Arch,Peripato2023_Zenodo_10214943
ZEN0159,-9.332850,-67.943500,Amazon Arch,Peripato2023_Zenodo_10214943
ZEN0160,-9.856340,-66.941000,Amazon Arch,Peripato2023_Zenodo_10214943
ZEN0161,-9.915640,-66.984400,Amazon Arch,Peripato2023_Zenodo_10214943
ZEN0162,-9.807810,-66.311100,Amazon Arch,Peripato2023_Zenodo_10214943
ZEN0163,-9.837230,-66.347900,Amazon Arch,Peripato2023_Zenodo_10214943
ZEN0164,-9.819790,-66.348400,Amazon Arch,Peripato2023_Zenodo_10214943
ZEN0165,-9.808020,-66.321500,Amazon Arch,Peripato2023_Zenodo_10214943
ZEN0166,-10.066400,-67.415800,Amazon Arch,Peripato2023_Zenodo_10214943
ZEN0167,-10.322900,-67.787500,Amazon Arch,Peripato2023_Zenodo_10214943
ZEN0168,-10.716400,-68.410700,Amazon Arch,Peripato2023_Zenodo_10214943
ZEN0169,-10.776200,-68.446000,Amazon Arch,Peripato2023_Zenodo_10214943
ZEN0170,-10.783100,-68.451800,Amazon Arch,Peripato2023_Zenodo_10214943
ZEN0171,-10.780100,-68.443800,Amazon Arch,Peripato2023_Zenodo_10214943
ZEN0172,-10.830500,-68.469900,Amazon Arch,Peripato2023_Zenodo_10214943
ZEN0173,-10.623100,-67.876300,Amazon Arch,Peripato2023_Zenodo_10214943
ZEN0174,-10.600200,-67.727200,Amazon Arch,Peripato2023_Zenodo_10214943
ZEN0175,-10.618600,-67.630700,Amazon Arch,Peripato2023_Zenodo_10214943
ZEN0176,-10.419000,-67.670100,Amazon Arch,Peripato2023_Zenodo_10214943
ZEN0177,-10.416200,-67.672400,Amazon Arch,Peripato2023_Zenodo_10214943
ZEN0178,-10.381100,-67.624000,Amazon Arch,Peripato2023_Zenodo_10214943
ZEN0179,-10.381100,-67.658000,Amazon Arch,Peripato2023_Zenodo_10214943
ZEN0180,-10.500100,-67.767300,Amazon Arch,Peripato2023_Zenodo_10214943
ZEN0181,-10.335100,-67.531600,Amazon Arch,Peripato2023_Zenodo_10214943
ZEN0182,-10.284500,-67.633800,Amazon Arch,Peripato2023_Zenodo_10214943
ZEN0183,-10.365600,-67.718900,Amazon Arch,Peripato2023_Zenodo_10214943
ZEN0184,-10.364600,-67.720800,Amazon Arch,Peripato2023_Zenodo_10214943
ZEN0185,-9.745370,-67.158400,Amazon Arch,Peripato2023_Zenodo_10214943
ZEN0186,-9.684460,-67.172700,Amazon Arch,Peripato2023_Zenodo_10214943
ZEN0187,-9.685040,-67.173600,Amazon Arch,Peripato2023_Zenodo_10214943
ZEN0188,-9.917500,-67.164800,Amazon Arch,Peripato2023_Zenodo_10214943
ZEN0189,-9.781860,-67.220500,Amazon Arch,Peripato2023_Zenodo_10214943
ZEN0190,-9.734430,-67.259400,Amazon Arch,Peripato2023_Zenodo_10214943
ZEN0191,-9.709330,-67.230300,Amazon Arch,Peripato2023_Zenodo_10214943
ZEN0192,-9.921530,-66.863300,Amazon Arch,Peripato2023_Zenodo_10214943
ZEN0193,-9.760590,-66.673500,Amazon Arch,Peripato2023_Zenodo_10214943
ZEN0194,-9.655930,-66.507800,Amazon Arch,Peripato2023_Zenodo_10214943
ZEN0195,-9.770160,-66.419300,Amazon Arch,Peripato2023_Zenodo_10214943
ZEN0196,-9.685620,-66.404300,Amazon Arch,Peripato2023_Zenodo_10214943
ZEN0197,-9.664050,-66.369900,Amazon Arch,Peripato2023_Zenodo_10214943
ZEN0198,-10.943400,-68.784600,Amazon Arch,Peripato2023_Zenodo_10214943
ZEN0199,-10.868600,-69.601600,Amazon Arch,Peripato2023_Zenodo_10214943
ZEN0200,-10.756400,-69.122000,Amazon Arch,Peripato2023_Zenodo_10214943
ZEN0201,-9.718930,-67.917900,Amazon Arch,Peripato2023_Zenodo_10214943
ZEN0202,-9.371310,-67.999900,Amazon Arch,Peripato2023_Zenodo_10214943
ZEN0203,-9.602490,-67.382800,Amazon Arch,Peripato2023_Zenodo_10214943
ZEN0204,-9.692580,-67.269600,Amazon Arch,Peripato2023_Zenodo_10214943
ZEN0205,-10.148600,-67.047900,Amazon Arch,Peripato2023_Zenodo_10214943
ZEN0206,-10.149800,-66.991500,Amazon Arch,Peripato2023_Zenodo_10214943
ZEN0207,-10.168300,-67.351200,Amazon Arch,Peripato2023_Zenodo_10214943
ZEN0208,-9.917430,-66.999700,Amazon Arch,Peripato2023_Zenodo_10214943
ZEN0209,-10.057800,-67.309100,Amazon Arch,Peripato2023_Zenodo_10214943
ZEN0210,-9.811100,-66.346200,Amazon Arch,Peripato2023_Zenodo_10214943
ZEN0211,-10.912100,-69.532800,Amazon Arch,Peripato2023_Zenodo_10214943
ZEN0212,-8.795663,-66.955660,Amazon Arch,Peripato2023_Zenodo_10214943
ZEN0213,-9.563926,-67.187760,Amazon Arch,Peripato2023_Zenodo_10214943
ZEN0214,-8.903049,-67.391125,Amazon Arch,Peripato2023_Zenodo_10214943
ZEN0215,-8.831722,-66.934214,Amazon Arch,Peripato2023_Zenodo_10214943
ZEN0216,-9.698583,-67.013214,Amazon Arch,Peripato2023_Zenodo_10214943
ZEN0217,-8.829206,-67.076426,Amazon Arch,Peripato2023_Zenodo_10214943
ZEN0218,-10.116674,-66.923340,Amazon Arch,Peripato2023_Zenodo_10214943
ZEN0219,-10.105560,-66.942786,Amazon Arch,Peripato2023_Zenodo_10214943
ZEN0220,-10.105834,-66.957781,Amazon Arch,Peripato2023_Zenodo_10214943
ZEN0221,-9.796779,-67.053535,Amazon Arch,Peripato2023_Zenodo_10214943
ZEN0222,-9.741404,-67.069922,Amazon Arch,Peripato2023_Zenodo_10214943
ZEN0223,-10.043617,-67.103619,Amazon Arch,Peripato2023_Zenodo_10214943
ZEN0224,-10.784346,-68.958343,Amazon Arch,Peripato2023_Zenodo_10214943
ZEN0225,-10.853546,-68.988280,Amazon Arch,Peripato2023_Zenodo_10214943
ZEN0226,-10.527846,-67.662616,Amazon Arch,Peripato2023_Zenodo_10214943
ZEN0227,-10.614689,-67.804953,Amazon Arch,Peripato2023_Zenodo_10214943
ZEN0228,-10.616943,-67.884503,Amazon Arch,Peripato2023_Zenodo_10214943
ZEN0229,-10.304728,-67.909168,Amazon Arch,Peripato2023_Zenodo_10214943
ZEN0230,-10.602716,-67.912177,Amazon Arch,Peripato2023_Zenodo_10214943
ZEN0231,-10.019729,-67.134730,Amazon Arch,Peripato2023_Zenodo_10214943
ZEN0232,-10.197621,-67.152712,Amazon Arch,Peripato2023_Zenodo_10214943
ZEN0233,-10.087324,-67.271228,Amazon Arch,Peripato2023_Zenodo_10214943
ZEN0234,-10.236268,-67.380231,Amazon Arch,Peripato2023_Zenodo_10214943
ZEN0235,-10.184729,-67.420008,Amazon Arch,Peripato2023_Zenodo_10214943
ZEN0236,-10.298339,-67.556951,Amazon Arch,Peripato2023_Zenodo_10214943
ZEN0237,-10.406261,-67.597878,Amazon Arch,Peripato2023_Zenodo_10214943
ZEN0238,-9.811675,-67.528341,Amazon Arch,Peripato2023_Zenodo_10214943
ZEN0239,-9.741668,-67.705559,Amazon Arch,Peripato2023_Zenodo_10214943
ZEN0240,-9.568325,-67.713883,Amazon Arch,Peripato2023_Zenodo_10214943
ZEN0241,-10.032214,-67.534718,Amazon Arch,Peripato2023_Zenodo_10214943
ZEN0242,-9.950286,-67.538615,Amazon Arch,Peripato2023_Zenodo_10214943
ZEN0243,-10.169168,-67.856673,Amazon Arch,Peripato2023_Zenodo_10214943
ZEN0244,-9.918893,-67.943614,Amazon Arch,Peripato2023_Zenodo_10214943
ZEN0245,-10.169176,-67.988340,Amazon Arch,Peripato2023_Zenodo_10214943
ZEN0246,-9.105151,-68.723332,Amazon Arch,Peripato2023_Zenodo_10214943
ZEN0247,-9.726653,-67.228937,Amazon Arch,Peripato2023_Zenodo_10214943
ZEN0248,-9.902674,-67.349834,Amazon Arch,Peripato2023_Zenodo_10214943
ZEN0249,-9.943722,-67.398427,Amazon Arch,Peripato2023_Zenodo_10214943
ZEN0250,-10.155008,-67.602508,Amazon Arch,Peripato2023_Zenodo_10214943
ZEN0251,-10.171675,-67.666114,Amazon Arch,Peripato2023_Zenodo_10214943
ZEN0252,-10.763897,-68.231119,Amazon Arch,Peripato2023_Zenodo_10214943
ZEN0253,-10.709449,-68.410560,Amazon Arch,Peripato2023_Zenodo_10214943
ZEN0254,-9.084923,-67.179652,Amazon Arch,Peripato2023_Zenodo_10214943
ZEN0255,-9.786667,-66.419450,Amazon Arch,Peripato2023_Zenodo_10214943
ZEN0256,-9.793056,-66.643060,Amazon Arch,Peripato2023_Zenodo_10214943
ZEN0257,-9.358889,-69.925833,Amazon Arch,Peripato2023_Zenodo_10214943
ZEN0258,-9.407103,-57.945191,Amazon Arch,Peripato2023_Zenodo_10214943
ZEN0259,-9.871100,-57.887200,Amazon Arch,Peripato2023_Zenodo_10214943
ZEN0260,-9.704800,-57.877200,Amazon Arch,Peripato2023_Zenodo_10214943
ZEN0261,-9.813200,-57.821200,Amazon Arch,Peripato2023_Zenodo_10214943
ZEN0262,-9.822100,-57.755700,Amazon Arch,Peripato2023_Zenodo_10214943
ZEN0263,-9.415000,-58.232500,Amazon Arch,Peripato2023_Zenodo_10214943
ZEN0264,-9.350100,-59.322800,Amazon Arch,Peripato2023_Zenodo_10214943
ZEN0265,-9.450600,-59.234000,Amazon Arch,Peripato2023_Zenodo_10214943
ZEN0266,-9.983300,-58.601900,Amazon Arch,Peripato2023_Zenodo_10214943
ZEN0267,-10.098400,-58.458500,Amazon Arch,Peripato2023_Zenodo_10214943
ZEN0268,-10.311039,-58.643690,Amazon Arch,Peripato2023_Zenodo_10214943
ZEN0269,-9.424500,-57.370300,Amazon Arch,Peripato2023_Zenodo_10214943
ZEN0270,-10.753400,-58.441400,Amazon Arch,Peripato2023_Zenodo_10214943
ZEN0271,-10.091800,-59.634300,Amazon Arch,Peripato2023_Zenodo_10214943
ZEN0272,-10.360400,-58.507200,Amazon Arch,Peripato2023_Zenodo_10214943
ZEN0273,-9.761100,-57.985700,Amazon Arch,Peripato2023_Zenodo_10214943
ZEN0274,-9.417600,-57.851200,Amazon Arch,Peripato2023_Zenodo_10214943
ZEN0275,-9.593600,-57.837400,Amazon Arch,Peripato2023_Zenodo_10214943
ZEN0276,-9.872100,-57.771600,Amazon Arch,Peripato2023_Zenodo_10214943
ZEN0277,-9.485200,-59.003600,Amazon Arch,Peripato2023_Zenodo_10214943
ZEN0278,-9.919700,-55.241300,Amazon Arch,Peripato2023_Zenodo_10214943
ZEN0279,-9.673000,-55.507000,Amazon Arch,Peripato2023_Zenodo_10214943
ZEN0280,-9.924600,-58.512400,Amazon Arch,Peripato2023_Zenodo_10214943
ZEN0281,-9.430200,-59.169200,Amazon Arch,Peripato2023_Zenodo_10214943
ZEN0282,-9.365000,-59.240500,Amazon Arch,Peripato2023_Zenodo_10214943
ZEN0283,-9.289700,-59.318700,Amazon Arch,Peripato2023_Zenodo_10214943
ZEN0284,-9.495700,-59.328700,Amazon Arch,Peripato2023_Zenodo_10214943
ZEN0285,-9.967100,-60.078600,Amazon Arch,Peripato2023_Zenodo_10214943
ZEN0286,-9.754200,-57.918500,Amazon Arch,Peripato2023_Zenodo_10214943
ZEN0287,-10.051300,-58.575500,Amazon Arch,Peripato2023_Zenodo_10214943
ZEN0288,-10.110800,-58.571300,Amazon Arch,Peripato2023_Zenodo_10214943
ZEN0289,-10.029800,-58.577500,Amazon Arch,Peripato2023_Zenodo_10214943
ZEN0290,-10.269100,-58.542400,Amazon Arch,Peripato2023_Zenodo_10214943
ZEN0291,-9.457501,-59.006599,Amazon Arch,Peripato2023_Zenodo_10214943
ZEN0292,-9.747100,-58.149500,Amazon Arch,Peripato2023_Zenodo_10214943
ZEN0293,-10.166700,-58.142500,Amazon Arch,Peripato2023_Zenodo_10214943
ZEN0294,-9.596100,-57.784300,Amazon Arch,Peripato2023_Zenodo_10214943
ZEN0295,-9.863500,-57.674500,Amazon Arch,Peripato2023_Zenodo_10214943
ZEN0296,-9.333500,-58.338900,Amazon Arch,Peripato2023_Zenodo_10214943
ZEN0297,-9.437000,-58.282300,Amazon Arch,Peripato2023_Zenodo_10214943
ZEN0298,-9.487100,-58.172300,Amazon Arch,Peripato2023_Zenodo_10214943
ZEN0299,-9.441800,-58.155700,Amazon Arch,Peripato2023_Zenodo_10214943
ZEN0300,-9.241500,-58.859000,Amazon Arch,Peripato2023_Zenodo_10214943
ZEN0301,-9.211599,-58.934700,Amazon Arch,Peripato2023_Zenodo_10214943
ZEN0302,-9.025300,-59.023100,Amazon Arch,Peripato2023_Zenodo_10214943
ZEN0303,-9.047800,-59.099400,Amazon Arch,Peripato2023_Zenodo_10214943
ZEN0304,-9.302850,-59.098750,Amazon Arch,Peripato2023_Zenodo_10214943
ZEN0305,-9.312900,-59.095800,Amazon Arch,Peripato2023_Zenodo_10214943
ZEN0306,-9.050700,-59.105500,Amazon Arch,Peripato2023_Zenodo_10214943
ZEN0307,-9.966300,-58.452700,Amazon Arch,Peripato2023_Zenodo_10214943
ZEN0308,-10.392700,-58.328500,Amazon Arch,Peripato2023_Zenodo_10214943
ZEN0309,-9.179800,-57.424000,Amazon Arch,Peripato2023_Zenodo_10214943
ZEN0310,-9.322000,-59.740200,Amazon Arch,Peripato2023_Zenodo_10214943
ZEN0311,-9.427265,-59.750121,Amazon Arch,Peripato2023_Zenodo_10214943
ZEN0312,-9.501600,-59.794300,Amazon Arch,Peripato2023_Zenodo_10214943
ZEN0313,-9.486700,-59.801400,Amazon Arch,Peripato2023_Zenodo_10214943
ZEN0314,-9.506459,-59.812154,Amazon Arch,Peripato2023_Zenodo_10214943
ZEN0315,-9.723900,-57.172900,Amazon Arch,Peripato2023_Zenodo_10214943
ZEN0316,-9.797026,-57.973286,Amazon Arch,Peripato2023_Zenodo_10214943
ZEN0317,-10.160552,-57.937400,Amazon Arch,Peripato2023_Zenodo_10214943
ZEN0318,-9.227800,-57.701000,Amazon Arch,Peripato2023_Zenodo_10214943
ZEN0319,-9.658300,-57.651100,Amazon Arch,Peripato2023_Zenodo_10214943
ZEN0320,-9.281300,-58.904200,Amazon Arch,Peripato2023_Zenodo_10214943
ZEN0321,-9.440399,-59.279698,Amazon Arch,Peripato2023_Zenodo_10214943
ZEN0322,-9.533000,-58.226600,Amazon Arch,Peripato2023_Zenodo_10214943
ZEN0323,-9.960599,-59.784700,Amazon Arch,Peripato2023_Zenodo_10214943
ZEN0324,-9.846802,-59.807298,Amazon Arch,Peripato2023_Zenodo_10214943
ZEN0325,-9.530100,-59.046100,Amazon Arch,Peripato2023_Zenodo_10214943
ZEN0326,-9.613900,-60.200500,Amazon Arch,Peripato2023_Zenodo_10214943
ZEN0327,-9.513100,-58.006500,Amazon Arch,Peripato2023_Zenodo_10214943
ZEN0328,-10.654400,-58.427000,Amazon Arch,Peripato2023_Zenodo_10214943
ZEN0329,-9.302850,-59.098750,Amazon Arch,Peripato2023_Zenodo_10214943
ZEN0330,-9.243000,-58.856400,Amazon Arch,Peripato2023_Zenodo_10214943
ZEN0331,-9.287400,-58.138100,Amazon Arch,Peripato2023_Zenodo_10214943
ZEN0332,-9.631200,-59.095400,Amazon Arch,Peripato2023_Zenodo_10214943
ZEN0333,-9.324900,-58.895900,Amazon Arch,Peripato2023_Zenodo_10214943
ZEN0334,-7.121742,-76.785293,Amazon Arch,Peripato2023_Zenodo_10214943
ZEN0335,-11.894521,-62.391448,Amazon Arch,Peripato2023_Zenodo_10214943
ZEN0336,-10.466713,-67.211302,Amazon Arch,Peripato2023_Zenodo_10214943
ZEN0337,-11.184543,-68.160496,Amazon Arch,Peripato2023_Zenodo_10214943
ZEN0338,-10.449974,-67.580716,Amazon Arch,Peripato2023_Zenodo_10214943
ZEN0339,-10.428554,-67.113732,Amazon Arch,Peripato2023_Zenodo_10214943
ZEN0340,-11.171894,-68.130331,Amazon Arch,Peripato2023_Zenodo_10214943
ZEN0341,-10.467886,-67.550127,Amazon Arch,Peripato2023_Zenodo_10214943
ZEN0342,-10.465510,-67.602514,Amazon Arch,Peripato2023_Zenodo_10214943
ZEN0343,-10.412586,-67.295089,Amazon Arch,Peripato2023_Zenodo_10214943
ZEN0344,-11.057812,-68.698716,Amazon Arch,Peripato2023_Zenodo_10214943
ZEN0345,-10.862502,-69.567211,Amazon Arch,Peripato2023_Zenodo_10214943
ZEN0346,-10.136278,-68.117336,Amazon Arch,Peripato2023_Zenodo_10214943
ZEN0347,-9.344009,-67.898653,Amazon Arch,Peripato2023_Zenodo_10214943
ZEN0348,-10.683592,-68.368284,Amazon Arch,Peripato2023_Zenodo_10214943
ZEN0349,-10.484066,-66.842202,Amazon Arch,Peripato2023_Zenodo_10214943
ZEN0350,-11.124625,-67.508894,Amazon Arch,Peripato2023_Zenodo_10214943
ZEN0351,-11.193609,-67.444162,Amazon Arch,Peripato2023_Zenodo_10214943
ZEN0352,-11.109442,-67.551021,Amazon Arch,Peripato2023_Zenodo_10214943
ZEN0353,-10.670924,-67.729961,Amazon Arch,Peripato2023_Zenodo_10214943
ZEN0354,-10.871760,-68.214830,Amazon Arch,Peripato2023_Zenodo_10214943
ZEN0355,-10.873989,-68.219243,Amazon Arch,Peripato2023_Zenodo_10214943
ZEN0356,-9.311389,-66.993269,Amazon Arch,Peripato2023_Zenodo_10214943
ZEN0357,-9.178240,-66.949266,Amazon Arch,Peripato2023_Zenodo_10214943
ZEN0358,-9.172433,-66.941798,Amazon Arch,Peripato2023_Zenodo_10214943
ZEN0359,-8.757048,-67.307435,Amazon Arch,Peripato2023_Zenodo_10214943
ZEN0360,-8.758057,-67.450130,Amazon Arch,Peripato2023_Zenodo_10214943
ZEN0361,-10.025000,-67.507222,CNSA,Peripato2023_Zenodo_10214943
ZEN0362,-10.702066,-68.168814,CNSA,Peripato2023_Zenodo_10214943
ZEN0363,-9.696111,-67.916944,CNSA,Peripato2023_Zenodo_10214943
ZEN0364,-9.827778,-67.746944,CNSA,Peripato2023_Zenodo_10214943
ZEN0365,-9.932500,-67.591389,CNSA,Peripato2023_Zenodo_10214943
ZEN0366,-9.931944,-67.673056,CNSA,Peripato2023_Zenodo_10214943
ZEN0367,-10.000975,-68.011667,CNSA,Peripato2023_Zenodo_10214943
ZEN0368,-9.978889,-67.673611,CNSA,Peripato2023_Zenodo_10214943
ZEN0369,-10.350833,-67.714167,CNSA,Peripato2023_Zenodo_10214943
ZEN0370,-10.208333,-67.657222,CNSA,Peripato2023_Zenodo_10214943
ZEN0371,-10.216667,-67.176944,CNSA,Peripato2023_Zenodo_10214943
ZEN0372,-10.523889,-67.632778,CNSA,Peripato2023_Zenodo_10214943
ZEN0373,-10.218889,-67.158333,CNSA,Peripato2023_Zenodo_10214943
ZEN0374,-10.669972,-68.314194,CNSA,Peripato2023_Zenodo_10214943
ZEN0375,-9.358890,-69.925834,CNSA,Peripato2023_Zenodo_10214943
ZEN0376,-10.306944,-67.220000,CNSA,Peripato2023_Zenodo_10214943
ZEN0377,-10.911951,-69.532506,CNSA,Peripato2023_Zenodo_10214943
ZEN0378,-10.853546,-68.988280,CNSA,Peripato2023_Zenodo_10214943
ZEN0379,-10.322372,-67.795215,CNSA,Peripato2023_Zenodo_10214943
ZEN0380,-10.148338,-67.582223,CNSA,Peripato2023_Zenodo_10214943
ZEN0381,-9.901755,-67.350395,CNSA,Peripato2023_Zenodo_10214943
ZEN0382,-10.607771,-67.695831,CNSA,Peripato2023_Zenodo_10214943
ZEN0383,-10.391355,-67.713078,CNSA,Peripato2023_Zenodo_10214943
ZEN0384,-10.616384,-67.885100,CNSA,Peripato2023_Zenodo_10214943
ZEN0385,-10.058212,-67.309542,CNSA,Peripato2023_Zenodo_10214943
ZEN0386,-10.033778,-67.256079,CNSA,Peripato2023_Zenodo_10214943
ZEN0387,-10.014817,-67.142155,CNSA,Peripato2023_Zenodo_10214943
ZEN0388,-10.015427,-67.162517,CNSA,Peripato2023_Zenodo_10214943
ZEN0389,-9.990462,-67.189652,CNSA,Peripato2023_Zenodo_10214943
ZEN0390,-9.732034,-67.061155,CNSA,Peripato2023_Zenodo_10214943
ZEN0391,-9.784288,-66.947885,CNSA,Peripato2023_Zenodo_10214943
ZEN0392,-10.087324,-67.271228,CNSA,Peripato2023_Zenodo_10214943
ZEN0393,-9.943722,-67.398427,CNSA,Peripato2023_Zenodo_10214943
ZEN0394,-9.741404,-67.069922,CNSA,Peripato2023_Zenodo_10214943
ZEN0395,-9.890043,-66.857589,CNSA,Peripato2023_Zenodo_10214943
ZEN0396,-9.762783,-67.536113,CNSA,Peripato2023_Zenodo_10214943
ZEN0397,-9.726653,-67.228937,CNSA,Peripato2023_Zenodo_10214943
ZEN0398,-10.406261,-67.597878,CNSA,Peripato2023_Zenodo_10214943
ZEN0399,-9.766345,-67.191752,CNSA,Peripato2023_Zenodo_10214943
ZEN0400,-10.080035,-67.422619,CNSA,Peripato2023_Zenodo_10214943
ZEN0401,-10.268115,-67.535251,CNSA,Peripato2023_Zenodo_10214943
ZEN0402,-9.855445,-67.232256,CNSA,Peripato2023_Zenodo_10214943
ZEN0403,-9.748549,-67.196031,CNSA,Peripato2023_Zenodo_10214943
ZEN0404,-10.071334,-67.546011,CNSA,Peripato2023_Zenodo_10214943
ZEN0405,-10.060569,-67.061853,CNSA,Peripato2023_Zenodo_10214943
ZEN0406,-9.917783,-66.984447,CNSA,Peripato2023_Zenodo_10214943
ZEN0407,-9.916807,-66.999596,CNSA,Peripato2023_Zenodo_10214943
ZEN0408,-10.757311,-69.121849,CNSA,Peripato2023_Zenodo_10214943
ZEN0409,-9.105151,-68.723332,CNSA,Peripato2023_Zenodo_10214943
ZEN0410,-9.781670,-67.219450,CNSA,Peripato2023_Zenodo_10214943
ZEN0411,-10.335563,-67.530840,CNSA,Peripato2023_Zenodo_10214943
ZEN0412,-10.784346,-68.958343,CNSA,Peripato2023_Zenodo_10214943
ZEN0413,-10.709449,-68.410560,CNSA,Peripato2023_Zenodo_10214943
ZEN0414,-10.763897,-68.231119,CNSA,Peripato2023_Zenodo_10214943
ZEN0415,-10.105560,-66.942786,CNSA,Peripato2023_Zenodo_10214943
ZEN0416,-9.856360,-66.941006,CNSA,Peripato2023_Zenodo_10214943
ZEN0417,-10.105834,-66.957781,CNSA,Peripato2023_Zenodo_10214943
ZEN0418,-10.116674,-66.923340,CNSA,Peripato2023_Zenodo_10214943
ZEN0419,-9.741668,-67.705559,CNSA,Peripato2023_Zenodo_10214943
ZEN0420,-9.811675,-67.528341,CNSA,Peripato2023_Zenodo_10214943
ZEN0421,-9.819167,-67.747782,CNSA,Peripato2023_Zenodo_10214943
ZEN0422,-10.171675,-67.666114,CNSA,Peripato2023_Zenodo_10214943
ZEN0423,-9.950286,-67.538615,CNSA,Peripato2023_Zenodo_10214943
ZEN0424,-10.019729,-67.134730,CNSA,Peripato2023_Zenodo_10214943
ZEN0425,-10.043617,-67.103619,CNSA,Peripato2023_Zenodo_10214943
ZEN0426,-10.169176,-67.988340,CNSA,Peripato2023_Zenodo_10214943
ZEN0427,-10.169168,-67.856673,CNSA,Peripato2023_Zenodo_10214943
ZEN0428,-10.184729,-67.420008,CNSA,Peripato2023_Zenodo_10214943
ZEN0429,-9.796779,-67.053535,CNSA,Peripato2023_Zenodo_10214943
ZEN0430,-10.197621,-67.152712,CNSA,Peripato2023_Zenodo_10214943
ZEN0431,-10.243450,-67.665787,CNSA,Peripato2023_Zenodo_10214943
ZEN0432,-10.298339,-67.556951,CNSA,Peripato2023_Zenodo_10214943
ZEN0433,-9.918893,-67.943614,CNSA,Peripato2023_Zenodo_10214943
ZEN0434,-9.679156,-67.761811,CNSA,Peripato2023_Zenodo_10214943
ZEN0435,-10.236268,-67.380231,CNSA,Peripato2023_Zenodo_10214943
ZEN0436,-10.304728,-67.909168,CNSA,Peripato2023_Zenodo_10214943
ZEN0437,-9.568325,-67.713883,CNSA,Peripato2023_Zenodo_10214943
ZEN0438,-10.218489,-67.273718,CNSA,Peripato2023_Zenodo_10214943
ZEN0439,-10.093341,-67.956948,CNSA,Peripato2023_Zenodo_10214943
ZEN0440,-10.465348,-67.930995,CNSA,Peripato2023_Zenodo_10214943
ZEN0441,-10.516042,-67.899168,CNSA,Peripato2023_Zenodo_10214943
ZEN0442,-9.120534,-67.276054,CNSA,Peripato2023_Zenodo_10214943
ZEN0443,-9.121760,-67.279159,CNSA,Peripato2023_Zenodo_10214943
ZEN0444,-8.843885,-67.253054,CNSA,Peripato2023_Zenodo_10214943
ZEN0445,-9.493056,-67.633337,CNSA,Peripato2023_Zenodo_10214943
ZEN0446,-8.886387,-67.171943,CNSA,Peripato2023_Zenodo_10214943
ZEN0447,-8.831722,-66.934214,CNSA,Peripato2023_Zenodo_10214943
ZEN0448,-8.829206,-67.076426,CNSA,Peripato2023_Zenodo_10214943
ZEN0449,-8.903049,-67.391125,CNSA,Peripato2023_Zenodo_10214943
ZEN0450,-9.698583,-67.013214,CNSA,Peripato2023_Zenodo_10214943
ZEN0451,-9.786667,-66.419450,CNSA,Peripato2023_Zenodo_10214943
ZEN0452,-9.772784,-66.418892,CNSA,Peripato2023_Zenodo_10214943
ZEN0453,-9.065022,-64.023213,CNSA,Peripato2023_Zenodo_10214943
ZEN0454,-9.571047,-65.763884,CNSA,Peripato2023_Zenodo_10214943
ZEN0455,-9.636478,-65.696412,CNSA,Peripato2023_Zenodo_10214943
ZEN0456,-11.892777,-62.334231,CNSA,Peripato2023_Zenodo_10214943
ZEN0457,-9.793053,-66.637502,CNSA,Peripato2023_Zenodo_10214943
ZEN0458,-9.793056,-66.643060,CNSA,Peripato2023_Zenodo_10214943
ZEN0459,2.244087,-54.475683,INRAP & DAC,Peripato2023_Zenodo_10214943
ZEN0460,5.409987,-53.655046,INRAP & DAC,Peripato2023_Zenodo_10214943
ZEN0461,3.976950,-52.592462,INRAP & DAC,Peripato2023_Zenodo_10214943
ZEN0462,3.486073,-53.536301,INRAP & DAC,Peripato2023_Zenodo_10214943
ZEN0463,3.898915,-53.877575,INRAP & DAC,Peripato2023_Zenodo_10214943
ZEN0464,3.807648,-53.879967,INRAP & DAC,Peripato2023_Zenodo_10214943
ZEN0465,4.166775,-51.735229,INRAP & DAC,Peripato2023_Zenodo_10214943
ZEN0466,3.120017,-52.799164,INRAP & DAC,Peripato2023_Zenodo_10214943
ZEN0467,4.739295,-53.857330,INRAP & DAC,Peripato2023_Zenodo_10214943
ZEN0468,3.760221,-53.546953,INRAP & DAC,Peripato2023_Zenodo_10214943
ZEN0469,3.730845,-53.500776,INRAP & DAC,Peripato2023_Zenodo_10214943
ZEN0470,3.811854,-53.971278,INRAP & DAC,Peripato2023_Zenodo_10214943
ZEN0471,4.505894,-52.044714,INRAP & DAC,Peripato2023_Zenodo_10214943
ZEN0472,4.140584,-52.089707,INRAP & DAC,Peripato2023_Zenodo_10214943
ZEN0473,3.671481,-53.935957,INRAP & DAC,Peripato2023_Zenodo_10214943
ZEN0474,3.041754,-53.107440,INRAP & DAC,Peripato2023_Zenodo_10214943
ZEN0475,3.180130,-52.339155,INRAP & DAC,Peripato2023_Zenodo_10214943
ZEN0476,3.843389,-53.089132,INRAP & DAC,Peripato2023_Zenodo_10214943
ZEN0477,4.057147,-52.086153,INRAP & DAC,Peripato2023_Zenodo_10214943
ZEN0478,4.054430,-52.070968,INRAP & DAC,Peripato2023_Zenodo_10214943
ZEN0479,3.175519,-52.470516,INRAP & DAC,Peripato2023_Zenodo_10214943
ZEN0480,3.724098,-53.534091,INRAP & DAC,Peripato2023_Zenodo_10214943
ZEN0481,4.079323,-52.671633,INRAP & DAC,Peripato2023_Zenodo_10214943
ZEN0482,3.878004,-51.814182,INRAP & DAC,Peripato2023_Zenodo_10214943
ZEN0483,4.666310,-52.338639,INRAP & DAC,Peripato2023_Zenodo_10214943
ZEN0484,4.671104,-52.338378,INRAP & DAC,Peripato2023_Zenodo_10214943
ZEN0485,3.858716,-51.826186,INRAP & DAC,Peripato2023_Zenodo_10214943
ZEN0486,4.866055,-53.794801,INRAP & DAC,Peripato2023_Zenodo_10214943
ZEN0487,4.028769,-52.681813,INRAP & DAC,Peripato2023_Zenodo_10214943
ZEN0488,3.168127,-52.535710,INRAP & DAC,Peripato2023_Zenodo_10214943
ZEN0489,3.135924,-53.684657,INRAP & DAC,Peripato2023_Zenodo_10214943
ZEN0490,3.728004,-53.962764,INRAP & DAC,Peripato2023_Zenodo_10214943
ZEN0491,-9.763828,-66.732088,PAST,Peripato2023_Zenodo_10214943
ZEN0492,-9.873798,-67.389229,PAST,Peripato2023_Zenodo_10214943
ZEN0493,-9.916533,-67.475796,PAST,Peripato2023_Zenodo_10214943
ZEN0494,-10.669722,-68.314175,PAST,Peripato2023_Zenodo_10214943
ZEN0495,-10.298339,-67.556951,PAST,Peripato2023_Zenodo_10214943
ZEN0496,-9.811756,-66.344088,PAST,Peripato2023_Zenodo_10214943
ZEN0497,-10.307763,-67.499835,PAST,Peripato2023_Zenodo_10214943
ZEN0498,-9.563926,-67.187760,PAST,Peripato2023_Zenodo_10214943
ZEN0499,-10.713331,-68.179445,PAST,Peripato2023_Zenodo_10214943
ZEN0500,-10.077692,-67.575434,PAST,Peripato2023_Zenodo_10214943
ZEN0501,-9.651940,-66.176671,PAST,Peripato2023_Zenodo_10214943
ZEN0502,-10.306947,-67.499446,PAST,Peripato2023_Zenodo_10214943
ZEN0503,-9.855445,-67.232256,PAST,Peripato2023_Zenodo_10214943
ZEN0504,-9.792504,-66.536118,PAST,Peripato2023_Zenodo_10214943
ZEN0505,-8.843885,-67.253054,PAST,Peripato2023_Zenodo_10214943
ZEN0506,-10.587565,-67.975725,PAST,Peripato2023_Zenodo_10214943
ZEN0507,-10.363063,-67.600837,PAST,Peripato2023_Zenodo_10214943
ZEN0508,-9.962224,-67.498614,PAST,Peripato2023_Zenodo_10214943
ZEN0509,-10.867908,-68.925649,PAST,Peripato2023_Zenodo_10214943
ZEN0510,-10.465348,-67.930995,PAST,Peripato2023_Zenodo_10214943
ZEN0511,-10.296016,-67.651451,PAST,Peripato2023_Zenodo_10214943
ZEN0512,-10.218888,-67.158330,PAST,Peripato2023_Zenodo_10214943
ZEN0513,-10.167546,-67.351193,PAST,Peripato2023_Zenodo_10214943
ZEN0514,-9.793056,-66.643060,PAST,Peripato2023_Zenodo_10214943
ZEN0515,-10.187254,-67.720248,PAST,Peripato2023_Zenodo_10214943
ZEN0516,-9.582373,-66.256097,PAST,Peripato2023_Zenodo_10214943
ZEN0517,-10.208039,-67.654306,PAST,Peripato2023_Zenodo_10214943
ZEN0518,-10.098891,-67.658586,PAST,Peripato2023_Zenodo_10214943
ZEN0519,-9.191579,-68.601753,PAST,Peripato2023_Zenodo_10214943
ZEN0520,-10.087893,-67.311430,PAST,Peripato2023_Zenodo_10214943
ZEN0521,-10.595835,-67.686953,PAST,Peripato2023_Zenodo_10214943
ZEN0522,-10.019729,-67.134730,PAST,Peripato2023_Zenodo_10214943
ZEN0523,-10.025002,-67.506946,PAST,Peripato2023_Zenodo_10214943
ZEN0524,-9.950286,-67.538615,PAST,Peripato2023_Zenodo_10214943
ZEN0525,-10.186119,-67.728340,PAST,Peripato2023_Zenodo_10214943
ZEN0526,-10.306931,-67.220152,PAST,Peripato2023_Zenodo_10214943
ZEN0527,-9.916807,-66.999596,PAST,Peripato2023_Zenodo_10214943
ZEN0528,-9.679156,-67.761811,PAST,Peripato2023_Zenodo_10214943
ZEN0529,-9.741668,-67.705559,PAST,Peripato2023_Zenodo_10214943
ZEN0530,-10.105560,-66.942786,PAST,Peripato2023_Zenodo_10214943
ZEN0531,-9.700755,-67.125917,PAST,Peripato2023_Zenodo_10214943
ZEN0532,-10.087231,-67.314445,PAST,Peripato2023_Zenodo_10214943
ZEN0533,-9.773398,-66.423606,PAST,Peripato2023_Zenodo_10214943
ZEN0534,-9.539059,-65.972686,PAST,Peripato2023_Zenodo_10214943
ZEN0535,-9.537146,-65.961876,PAST,Peripato2023_Zenodo_10214943
ZEN0536,-9.770300,-66.673423,PAST,Peripato2023_Zenodo_10214943
ZEN0537,-10.516769,-67.897804,PAST,Peripato2023_Zenodo_10214943
ZEN0538,-9.721928,-66.666398,PAST,Peripato2023_Zenodo_10214943
ZEN0539,-10.467509,-67.738062,PAST,Peripato2023_Zenodo_10214943
ZEN0540,-10.295234,-67.652596,PAST,Peripato2023_Zenodo_10214943
ZEN0541,-10.604726,-67.918056,PAST,Peripato2023_Zenodo_10214943
ZEN0542,-10.058059,-67.617507,PAST,Peripato2023_Zenodo_10214943
ZEN0543,-9.775642,-66.044324,PAST,Peripato2023_Zenodo_10214943
ZEN0544,-10.131614,-67.495469,PAST,Peripato2023_Zenodo_10214943
ZEN0545,-10.067225,-67.415283,PAST,Peripato2023_Zenodo_10214943
ZEN0546,-9.984694,-67.498757,PAST,Peripato2023_Zenodo_10214943
ZEN0547,-10.608952,-67.697124,PAST,Peripato2023_Zenodo_10214943
ZEN0548,-9.895840,-67.518895,PAST,Peripato2023_Zenodo_10214943
ZEN0549,-10.040006,-66.903339,PAST,Peripato2023_Zenodo_10214943
ZEN0550,-9.786667,-66.419450,PAST,Peripato2023_Zenodo_10214943
ZEN0551,-9.702778,-67.131944,PAST,Peripato2023_Zenodo_10214943
ZEN0552,-10.239341,-67.593970,PAST,Peripato2023_Zenodo_10214943
ZEN0553,-8.872575,-67.242055,PAST,Peripato2023_Zenodo_10214943
ZEN0554,-9.576552,-67.723054,PAST,Peripato2023_Zenodo_10214943
ZEN0555,-9.737884,-66.167974,PAST,Peripato2023_Zenodo_10214943
ZEN0556,-10.595836,-67.689448,PAST,Peripato2023_Zenodo_10214943
ZEN0557,-10.184729,-67.420008,PAST,Peripato2023_Zenodo_10214943
ZEN0558,-9.685116,-66.404448,PAST,Peripato2023_Zenodo_10214943
ZEN0559,-10.060569,-67.061853,PAST,Peripato2023_Zenodo_10214943
ZEN0560,-10.383892,-67.498058,PAST,Peripato2023_Zenodo_10214943
ZEN0561,-10.286462,-67.594840,PAST,Peripato2023_Zenodo_10214943
ZEN0562,-9.758790,-66.696489,PAST,Peripato2023_Zenodo_10214943
ZEN0563,-9.537260,-65.935668,PAST,Peripato2023_Zenodo_10214943
ZEN0564,-9.232013,-67.282249,PAST,Peripato2023_Zenodo_10214943
ZEN0565,-10.166952,-67.388064,PAST,Peripato2023_Zenodo_10214943
ZEN0566,-12.256469,-64.280146,PAST,Peripato2023_Zenodo_10214943
ZEN0567,-10.626321,-65.382653,PAST,Peripato2023_Zenodo_10214943
ZEN0568,-9.065022,-64.023213,PAST,Peripato2023_Zenodo_10214943
ZEN0569,-11.892777,-62.334231,PAST,Peripato2023_Zenodo_10214943
ZEN0570,-9.310174,-64.368913,PAST,Peripato2023_Zenodo_10214943
ZEN0571,-13.021889,-62.369809,PAST,Peripato2023_Zenodo_10214943
ZEN0572,-10.573518,-65.335608,PAST,Peripato2023_Zenodo_10214943
ZEN0573,-11.859739,-62.856117,PAST,Peripato2023_Zenodo_10214943
ZEN0574,-11.757516,-62.790566,PAST,Peripato2023_Zenodo_10214943
ZEN0575,-11.799728,-62.714180,PAST,Peripato2023_Zenodo_10214943
ZEN0576,-11.868348,-63.145567,PAST,Peripato2023_Zenodo_10214943
ZEN0577,-11.940009,-63.013896,PAST,Peripato2023_Zenodo_10214943
ZEN0578,-12.151945,-63.502505,PAST,Peripato2023_Zenodo_10214943
ZEN0579,-11.570559,-62.594723,PAST,Peripato2023_Zenodo_10214943
ZEN0580,-12.206945,-62.231400,PAST,Peripato2023_Zenodo_10214943
ZEN0581,-11.938900,-62.206680,PAST,Peripato2023_Zenodo_10214943
ZEN0582,-11.260560,-62.107785,PAST,Peripato2023_Zenodo_10214943
ZEN0583,-10.701128,-62.272792,PAST,Peripato2023_Zenodo_10214943
ZEN0584,-10.706948,-62.267511,PAST,Peripato2023_Zenodo_10214943
ZEN0585,-11.823896,-62.886128,PAST,Peripato2023_Zenodo_10214943
ZEN0586,-12.124451,-63.831128,PAST,Peripato2023_Zenodo_10214943
ZEN0587,-10.152782,-64.968625,PAST,Peripato2023_Zenodo_10214943
ZEN0588,-10.275006,-62.590294,PAST,Peripato2023_Zenodo_10214943
ZEN0589,-10.054455,-63.901667,PAST,Peripato2023_Zenodo_10214943
ZEN0590,-12.022383,-62.253350,PAST,Peripato2023_Zenodo_10214943
ZEN0591,-11.990291,-62.412960,PAST,Peripato2023_Zenodo_10214943
ZEN0592,-11.643755,-62.149817,PAST,Peripato2023_Zenodo_10214943
ZEN0593,-12.285823,-64.316989,PAST,Peripato2023_Zenodo_10214943
ZEN0594,-12.094695,-64.175874,PAST,Peripato2023_Zenodo_10214943
ZEN0595,-11.743165,-62.237849,PAST,Peripato2023_Zenodo_10214943
ZEN0596,-13.038467,-62.346019,PAST,Peripato2023_Zenodo_10214943
ZEN0597,-12.184899,-62.317067,PAST,Peripato2023_Zenodo_10214943
ZEN0598,-12.165361,-62.329599,PAST,Peripato2023_Zenodo_10214943
ZEN0599,-11.999194,-53.404633,PAST,Peripato2023_Zenodo_10214943
ZEN0600,-11.927756,-53.563283,PAST,Peripato2023_Zenodo_10214943
ZEN0601,-12.163966,-53.353197,PAST,Peripato2023_Zenodo_10214943
ZEN0602,-12.298380,-53.167136,PAST,Peripato2023_Zenodo_10214943
ZEN0603,-12.349509,-53.228033,PAST,Peripato2023_Zenodo_10214943
ZEN0604,-12.383729,-53.192940,PAST,Peripato2023_Zenodo_10214943
ZEN0605,-12.426101,-53.165547,PAST,Peripato2023_Zenodo_10214943
ZEN0606,-12.560626,-53.104699,PAST,Peripato2023_Zenodo_10214943
ZEN0607,-12.283552,-53.351840,PAST,Peripato2023_Zenodo_10214943
ZEN0608,-12.691232,-53.277241,PAST,Peripato2023_Zenodo_10214943
ZEN0609,-12.591882,-53.066773,PAST,Peripato2023_Zenodo_10214943
ZEN0610,-12.557798,-53.144419,PAST,Peripato2023_Zenodo_10214943
ZEN0611,-12.528338,-53.133677,PAST,Peripato2023_Zenodo_10214943
ZEN0612,-12.441548,-53.266566,PAST,Peripato2023_Zenodo_10214943
ZEN0613,-12.250195,-53.582823,PAST,Peripato2023_Zenodo_10214943
ZEN0614,-12.103033,-53.458494,PAST,Peripato2023_Zenodo_10214943
ZEN0615,-13.610643,-63.634332,PAST,Peripato2023_Zenodo_10214943
ZEN0616,-13.774217,-63.754727,PAST,Peripato2023_Zenodo_10214943
ZEN0617,-13.721527,-63.741370,PAST,Peripato2023_Zenodo_10214943
ZEN0618,-13.648658,-63.672398,PAST,Peripato2023_Zenodo_10214943
ZEN0619,-13.603714,-63.651125,PAST,Peripato2023_Zenodo_10214943
ZEN0620,-13.609644,-63.652000,PAST,Peripato2023_Zenodo_10214943
ZEN0621,-13.643595,-63.637617,PAST,Peripato2023_Zenodo_10214943
ZEN0622,-13.633606,-63.655538,PAST,Peripato2023_Zenodo_10214943
ZEN0623,-13.641681,-63.655273,PAST,Peripato2023_Zenodo_10214943
ZEN0624,-13.639382,-63.659595,PAST,Peripato2023_Zenodo_10214943
ZEN0625,-13.722848,-63.484948,PAST,Peripato2023_Zenodo_10214943
ZEN0626,-13.741228,-63.452877,PAST,Peripato2023_Zenodo_10214943
ZEN0627,-13.692825,-63.434869,PAST,Peripato2023_Zenodo_10214943
ZEN0628,-11.146450,-66.159787,PAST,Peripato2023_Zenodo_10214943
ZEN0629,-11.142108,-66.160103,PAST,Peripato2023_Zenodo_10214943
ZEN0630,-11.144948,-66.165208,PAST,Peripato2023_Zenodo_10214943
ZEN0631,-11.139786,-66.164791,PAST,Peripato2023_Zenodo_10214943
ZEN0632,-11.150561,-66.166553,PAST,Peripato2023_Zenodo_10214943
ZEN0633,-11.175977,-66.179453,PAST,Peripato2023_Zenodo_10214943
ZEN0634,-11.230970,-66.236754,PAST,Peripato2023_Zenodo_10214943
ZEN0635,-11.065951,-66.320794,PAST,Peripato2023_Zenodo_10214943
ZEN0636,-10.991663,-66.010464,PAST,Peripato2023_Zenodo_10214943
ZEN0637,-10.976091,-66.017779,PAST,Peripato2023_Zenodo_10214943
ZEN0638,-11.038533,-66.137529,PAST,Peripato2023_Zenodo_10214943
ZEN0639,-11.619904,-65.129100,PAST,Peripato2023_Zenodo_10214943
ZEN0640,-12.453963,-64.175437,PAST,Peripato2023_Zenodo_10214943
ZEN0641,-12.468502,-64.268436,PAST,Peripato2023_Zenodo_10214943
ZEN0642,-12.433063,-64.352084,PAST,Peripato2023_Zenodo_10214943
ZEN0643,-12.181788,-64.648291,PAST,Peripato2023_Zenodo_10214943
ZEN0644,-13.081315,-62.276967,PAST,Peripato2023_Zenodo_10214943
ZEN0645,-13.043584,-62.236636,PAST,Peripato2023_Zenodo_10214943
ZEN0646,-13.035091,-62.208636,PAST,Peripato2023_Zenodo_10214943
ZEN0647,-13.484362,-61.049193,PAST,Peripato2023_Zenodo_10214943
ZEN0648,-13.250814,-61.903712,PAST,Peripato2023_Zenodo_10214943
ZEN0649,-12.222452,-63.433897,PAST,Peripato2023_Zenodo_10214943
ZEN0650,-12.191449,-63.430354,PAST,Peripato2023_Zenodo_10214943
ZEN0651,-13.691274,-63.796731,PAST,Peripato2023_Zenodo_10214943
ZEN0652,-13.707000,-65.450800,PAST,Peripato2023_Zenodo_10214943
ZEN0653,-13.779085,-65.461341,PAST,Peripato2023_Zenodo_10214943
ZEN0654,-13.879246,-65.513530,PAST,Peripato2023_Zenodo_10214943
ZEN0655,-9.930962,-67.478350,TREES/INPE,Peripato2023_Zenodo_10214943
ZEN0656,-9.973424,-67.468036,TREES/INPE,Peripato2023_Zenodo_10214943
ZEN0657,-9.876658,-67.296134,TREES/INPE,Peripato2023_Zenodo_10214943
ZEN0658,-9.872957,-67.290278,TREES/INPE,Peripato2023_Zenodo_10214943
ZEN0659,-9.873046,-67.288763,TREES/INPE,Peripato2023_Zenodo_10214943
ZEN0660,-9.943416,-67.577252,TREES/INPE,Peripato2023_Zenodo_10214943
ZEN0661,-9.941582,-67.573345,TREES/INPE,Peripato2023_Zenodo_10214943
ZEN0662,-9.943413,-67.576407,TREES/INPE,Peripato2023_Zenodo_10214943
ZEN0663,-9.934653,-67.568843,TREES/INPE,Peripato2023_Zenodo_10214943
ZEN0664,-9.927060,-67.575637,TREES/INPE,Peripato2023_Zenodo_10214943
ZEN0665,-3.259464,-58.019453,TREES/INPE,Peripato2023_Zenodo_10214943
ZEN0666,0.060060,-52.851787,TREES/INPE,Peripato2023_Zenodo_10214943
ZEN0667,0.888482,-51.598217,TREES/INPE,Peripato2023_Zenodo_10214943
ZEN0668,0.888576,-51.599395,TREES/INPE,Peripato2023_Zenodo_10214943
ZEN0669,0.891166,-51.599740,TREES/INPE,Peripato2023_Zenodo_10214943
ZEN0670,2.911765,-51.671138,TREES/INPE,Peripato2023_Zenodo_10214943
ZEN0671,2.911701,-51.670042,TREES/INPE,Peripato2023_Zenodo_10214943
ZEN0672,-11.864834,-53.679253,TREES/INPE,Peripato2023_Zenodo_10214943
ZEN0673,-11.865805,-53.677955,TREES/INPE,Peripato2023_Zenodo_10214943
ZEN0674,-11.863103,-53.678968,TREES/INPE,Peripato2023_Zenodo_10214943
ZEN0675,-11.863069,-53.680139,TREES/INPE,Peripato2023_Zenodo_10214943
ZEN0676,-11.864628,-53.677979,TREES/INPE,Peripato2023_Zenodo_10214943
ZEN0677,-11.870659,-53.675984,TREES/INPE,Peripato2023_Zenodo_10214943
ZEN0678,-1.975944,-55.603568,TREES/INPE,Peripato2023_Zenodo_10214943
ZEN0679,-10.457229,-67.680594,Multiple: (Amazon Arch | CNSA | PAST),Peripato2023_Zenodo_10214943
ZEN0680,-10.663614,-67.714709,Multiple: (Amazon Arch | CNSA | PAST),Peripato2023_Zenodo_10214943
ZEN0681,-10.277345,-67.133822,Multiple: (Amazon Arch | CNSA | PAST),Peripato2023_Zenodo_10214943
ZEN0682,-10.070833,-68.004167,Multiple: (Amazon Arch | CNSA | PAST),Peripato2023_Zenodo_10214943
ZEN0683,-10.054810,-67.615973,Multiple: (Amazon Arch | CNSA | PAST),Peripato2023_Zenodo_10214943
ZEN0684,-10.214352,-67.370657,Multiple: (Amazon Arch | CNSA | PAST),Peripato2023_Zenodo_10214943
ZEN0685,-9.776229,-66.415795,Multiple: (Amazon Arch | CNSA | PAST),Peripato2023_Zenodo_10214943
ZEN0686,-10.030951,-67.527171,Multiple: (Amazon Arch | CNSA | PAST),Peripato2023_Zenodo_10214943
ZEN0687,-10.031184,-67.512685,Multiple: (Amazon Arch | CNSA | PAST),Peripato2023_Zenodo_10214943
ZEN0688,-10.427508,-67.693619,Multiple: (Amazon Arch | CNSA | PAST),Peripato2023_Zenodo_10214943
ZEN0689,-10.127455,-67.208858,Multiple: (Amazon Arch | CNSA | PAST),Peripato2023_Zenodo_10214943
ZEN0690,-10.222338,-67.369242,Multiple: (Amazon Arch | CNSA | PAST),Peripato2023_Zenodo_10214943
ZEN0691,-10.185284,-67.607780,Multiple: (Amazon Arch | CNSA | PAST),Peripato2023_Zenodo_10214943
ZEN0692,-8.786593,-67.024665,Multiple: (Amazon Arch | CNSA | PAST),Peripato2023_Zenodo_10214943
ZEN0693,-9.725049,-66.668102,Multiple: (Amazon Arch | CNSA | PAST),Peripato2023_Zenodo_10214943
ZEN0694,-10.526155,-67.632888,Multiple: (Amazon Arch | CNSA | PAST),Peripato2023_Zenodo_10214943
ZEN0695,-10.112686,-67.662687,Multiple: (Amazon Arch | CNSA | PAST),Peripato2023_Zenodo_10214943
ZEN0696,-10.108167,-67.572161,Multiple: (Amazon Arch | CNSA | PAST),Peripato2023_Zenodo_10214943
ZEN0697,-10.593499,-67.665336,Multiple: (Amazon Arch | CNSA | PAST),Peripato2023_Zenodo_10214943
ZEN0698,-9.728638,-67.124860,Multiple: (Amazon Arch | CNSA | PAST),Peripato2023_Zenodo_10214943
ZEN0699,-10.732782,-68.172223,Multiple: (Amazon Arch | CNSA | PAST),Peripato2023_Zenodo_10214943
ZEN0700,-10.782640,-69.001098,Multiple: (Amazon Arch | CNSA | PAST),Peripato2023_Zenodo_10214943
ZEN0701,-8.782960,-67.073694,Multiple: (Amazon Arch | CNSA | PAST),Peripato2023_Zenodo_10214943
ZEN0702,-10.466051,-67.740258,Multiple: (Amazon Arch | CNSA | PAST),Peripato2023_Zenodo_10214943
ZEN0703,-9.743500,-67.263223,Multiple: (Amazon Arch | CNSA | PAST),Peripato2023_Zenodo_10214943
ZEN0704,-10.668750,-68.333510,Multiple: (Amazon Arch | CNSA | PAST),Peripato2023_Zenodo_10214943
ZEN0705,-8.720198,-67.176098,Multiple: (Amazon Arch | CNSA | PAST),Peripato2023_Zenodo_10214943
ZEN0706,-12.266218,-64.284731,Multiple: (Amazon Arch | CNSA | PAST),Peripato2023_Zenodo_10214943
ZEN0707,-9.873465,-67.389882,Multiple: (Amazon Arch | CNSA | PAST),Peripato2023_Zenodo_10214943
ZEN0708,-12.058607,-63.520750,Multiple: (Amazon Arch | CNSA | PAST),Peripato2023_Zenodo_10214943
ZEN0709,-11.933315,-63.402843,Multiple: (Amazon Arch | CNSA | PAST),Peripato2023_Zenodo_10214943
ZEN0710,-12.117749,-63.486352,Multiple: (Amazon Arch | CNSA | PAST),Peripato2023_Zenodo_10214943
ZEN0711,-10.108892,-66.956667,Multiple: (Amazon Arch | CNSA | PAST),Peripato2023_Zenodo_10214943
ZEN0712,-10.154764,-67.799506,Multiple: (Amazon Arch | CNSA | PAST),Peripato2023_Zenodo_10214943
ZEN0713,-9.615872,-65.730332,Multiple: (Amazon Arch | CNSA | PAST),Peripato2023_Zenodo_10214943
ZEN0714,-10.259611,-67.347716,Multiple: (Amazon Arch | CNSA | PAST),Peripato2023_Zenodo_10214943
ZEN0715,-9.514453,-67.678614,Multiple: (Amazon Arch | CNSA | PAST),Peripato2023_Zenodo_10214943
ZEN0716,-9.882103,-67.417609,Multiple: (Amazon Arch | CNSA | PAST),Peripato2023_Zenodo_10214943
ZEN0717,-10.304306,-67.508917,Multiple: (Amazon Arch | CNSA | PAST),Peripato2023_Zenodo_10214943
ZEN0718,-9.783773,-66.646797,Multiple: (Amazon Arch | CNSA | PAST),Peripato2023_Zenodo_10214943
ZEN0719,-10.131201,-67.494844,Multiple: (Amazon Arch | CNSA | PAST),Peripato2023_Zenodo_10214943
ZEN0720,-10.372120,-67.418721,Multiple: (Amazon Arch | CNSA | PAST),Peripato2023_Zenodo_10214943
ZEN0721,-10.784296,-68.369602,Multiple: (Amazon Arch | CNSA | PAST),Peripato2023_Zenodo_10214943
ZEN0722,-9.899271,-67.997158,Multiple: (Amazon Arch | CNSA | PAST),Peripato2023_Zenodo_10214943
ZEN0723,-10.084517,-67.197778,Multiple: (Amazon Arch | CNSA | PAST),Peripato2023_Zenodo_10214943
ZEN0724,-9.107508,-68.610282,Multiple: (Amazon Arch | CNSA | PAST),Peripato2023_Zenodo_10214943
ZEN0725,-9.794026,-67.375280,Multiple: (Amazon Arch | CNSA | PAST),Peripato2023_Zenodo_10214943
ZEN0726,-10.089726,-67.793060,Multiple: (Amazon Arch | CNSA | PAST),Peripato2023_Zenodo_10214943
ZEN0727,-9.493056,-67.633334,Multiple: (Amazon Arch | CNSA | PAST),Peripato2023_Zenodo_10214943
ZEN0728,-9.944747,-67.022704,Multiple: (Amazon Arch | CNSA | PAST),Peripato2023_Zenodo_10214943
ZEN0729,-10.418101,-68.193858,Multiple: (Amazon Arch | CNSA | PAST),Peripato2023_Zenodo_10214943
ZEN0730,-10.144707,-67.491076,Multiple: (Amazon Arch | CNSA | PAST),Peripato2023_Zenodo_10214943
ZEN0731,-10.163398,-67.272451,Multiple: (Amazon Arch | CNSA | PAST),Peripato2023_Zenodo_10214943
ZEN0732,-10.619850,-68.075079,Multiple: (Amazon Arch | CNSA | PAST),Peripato2023_Zenodo_10214943
ZEN0733,-10.656367,-68.094405,Multiple: (Amazon Arch | CNSA | PAST),Peripato2023_Zenodo_10214943
ZEN0734,-10.239990,-67.594932,Multiple: (Amazon Arch | CNSA | PAST),Peripato2023_Zenodo_10214943
ZEN0735,-12.277882,-63.447717,Multiple: (Amazon Arch | CNSA | PAST),Peripato2023_Zenodo_10214943
ZEN0736,-12.163893,-64.431915,Multiple: (Amazon Arch | CNSA | PAST),Peripato2023_Zenodo_10214943
ZEN0737,-9.987195,-67.498651,Multiple: (Amazon Arch | CNSA | PAST),Peripato2023_Zenodo_10214943
ZEN0738,-9.880160,-67.445635,Multiple: (Amazon Arch | CNSA | PAST),Peripato2023_Zenodo_10214943
ZEN0739,-11.890239,-62.303022,Multiple: (Amazon Arch | CNSA | PAST),Peripato2023_Zenodo_10214943
ZEN0740,-10.614540,-65.384811,Multiple: (Amazon Arch | CNSA | PAST),Peripato2023_Zenodo_10214943
ZEN0741,-10.306992,-67.500791,Multiple: (Amazon Arch | CNSA | PAST),Peripato2023_Zenodo_10214943
ZEN0742,-12.311436,-64.279023,Multiple: (Amazon Arch | CNSA | PAST),Peripato2023_Zenodo_10214943
ZEN0743,-12.247362,-64.218248,Multiple: (Amazon Arch | CNSA | PAST),Peripato2023_Zenodo_10214943
ZEN0744,-10.585104,-65.330699,Multiple: (Amazon Arch | CNSA | PAST),Peripato2023_Zenodo_10214943
ZEN0745,-11.688508,-62.327429,Multiple: (Amazon Arch | CNSA | PAST),Peripato2023_Zenodo_10214943
ZEN0746,-9.854832,-67.271382,Multiple: (Amazon Arch | CNSA | PAST),Peripato2023_Zenodo_10214943
ZEN0747,-11.984117,-63.315379,Multiple: (Amazon Arch | CNSA | PAST),Peripato2023_Zenodo_10214943
ZEN0748,-10.066549,-67.189827,Multiple: (Amazon Arch | CNSA | PAST),Peripato2023_Zenodo_10214943
ZEN0749,-10.210598,-67.128939,Multiple: (Amazon Arch | CNSA | PAST),Peripato2023_Zenodo_10214943
ZEN0750,-9.956394,-67.298897,Multiple: (Amazon Arch | CNSA | PAST),Peripato2023_Zenodo_10214943
ZEN0751,-10.016949,-67.184453,Multiple: (Amazon Arch | CNSA | PAST),Peripato2023_Zenodo_10214943
ZEN0752,-10.265219,-67.697690,Multiple: (Amazon Arch | CNSA | PAST),Peripato2023_Zenodo_10214943
ZEN0753,-10.111277,-67.582623,Multiple: (Amazon Arch | CNSA | PAST),Peripato2023_Zenodo_10214943
ZEN0754,-10.525280,-67.634162,Multiple: (Amazon Arch | CNSA | PAST),Peripato2023_Zenodo_10214943
ZEN0755,-8.712045,-67.191251,Multiple: (Amazon Arch | CNSA | PAST),Peripato2023_Zenodo_10214943
ZEN0756,-8.932892,-67.252414,Multiple: (Amazon Arch | CNSA | PAST),Peripato2023_Zenodo_10214943
ZEN0757,-8.843171,-67.000152,Multiple: (Amazon Arch | CNSA | PAST),Peripato2023_Zenodo_10214943
ZEN0758,-9.680083,-67.008075,Multiple: (Amazon Arch | CNSA | PAST),Peripato2023_Zenodo_10214943
ZEN0759,-8.753755,-67.062086,Multiple: (Amazon Arch | CNSA | PAST),Peripato2023_Zenodo_10214943
ZEN0760,-9.631474,-67.158322,Multiple: (Amazon Arch | CNSA | PAST),Peripato2023_Zenodo_10214943
ZEN0761,-10.068896,-67.037504,Multiple: (Amazon Arch | CNSA | PAST),Peripato2023_Zenodo_10214943
ZEN0762,-10.288894,-67.557734,Multiple: (Amazon Arch | CNSA | PAST),Peripato2023_Zenodo_10214943
ZEN0763,-10.318615,-67.558064,Multiple: (Amazon Arch | CNSA | PAST),Peripato2023_Zenodo_10214943
ZEN0764,-9.734168,-67.704731,Multiple: (Amazon Arch | CNSA | PAST),Peripato2023_Zenodo_10214943
ZEN0765,-9.949167,-67.598340,Multiple: (Amazon Arch | CNSA | PAST),Peripato2023_Zenodo_10214943
ZEN0766,-9.845202,-67.348562,Multiple: (Amazon Arch | CNSA | PAST),Peripato2023_Zenodo_10214943
ZEN0767,-10.194564,-67.539942,Multiple: (Amazon Arch | CNSA | PAST),Peripato2023_Zenodo_10214943
ZEN0768,-9.621110,-67.758613,Multiple: (Amazon Arch | CNSA | PAST),Peripato2023_Zenodo_10214943
ZEN0769,-9.848890,-67.901389,Multiple: (Amazon Arch | CNSA | PAST),Peripato2023_Zenodo_10214943
ZEN0770,-10.074999,-67.803054,Multiple: (Amazon Arch | CNSA | PAST),Peripato2023_Zenodo_10214943
ZEN0771,-10.096721,-67.658837,Multiple: (Amazon Arch | CNSA | PAST),Peripato2023_Zenodo_10214943
ZEN0772,-10.028702,-67.727965,Multiple: (Amazon Arch | CNSA | PAST),Peripato2023_Zenodo_10214943
ZEN0773,-9.499443,-67.628888,Multiple: (Amazon Arch | CNSA | PAST),Peripato2023_Zenodo_10214943
ZEN0774,-8.966458,-67.240232,Multiple: (Amazon Arch | CNSA),Peripato2023_Zenodo_10214943
ZEN0775,-9.187060,-67.283959,Multiple: (Amazon Arch | CNSA),Peripato2023_Zenodo_10214943
ZEN0776,-10.702413,-68.158130,Multiple: (Amazon Arch | CNSA),Peripato2023_Zenodo_10214943
ZEN0777,-10.588810,-67.968613,Multiple: (Amazon Arch | CNSA),Peripato2023_Zenodo_10214943
ZEN0778,-10.361699,-67.689033,Multiple: (Amazon Arch | CNSA),Peripato2023_Zenodo_10214943
ZEN0779,-10.438357,-67.706501,Multiple: (Amazon Arch | CNSA),Peripato2023_Zenodo_10214943
ZEN0780,-10.262005,-67.715750,Multiple: (Amazon Arch | CNSA),Peripato2023_Zenodo_10214943
ZEN0781,-10.447721,-67.767250,Multiple: (Amazon Arch | CNSA),Peripato2023_Zenodo_10214943
ZEN0782,-10.282778,-67.808298,Multiple: (Amazon Arch | CNSA),Peripato2023_Zenodo_10214943
ZEN0783,-10.676176,-68.407758,Multiple: (Amazon Arch | CNSA),Peripato2023_Zenodo_10214943
ZEN0784,-9.813380,-67.094038,Multiple: (Amazon Arch | CNSA),Peripato2023_Zenodo_10214943
ZEN0785,-9.806094,-67.098933,Multiple: (Amazon Arch | CNSA),Peripato2023_Zenodo_10214943
ZEN0786,-10.568359,-67.667180,Multiple: (Amazon Arch | CNSA),Peripato2023_Zenodo_10214943
ZEN0787,-10.373582,-67.430229,Multiple: (Amazon Arch | CNSA),Peripato2023_Zenodo_10214943
ZEN0788,-10.096455,-67.371629,Multiple: (Amazon Arch | CNSA),Peripato2023_Zenodo_10214943
ZEN0789,-10.087836,-67.508888,Multiple: (Amazon Arch | CNSA),Peripato2023_Zenodo_10214943
ZEN0790,-10.064302,-67.221046,Multiple: (Amazon Arch | CNSA),Peripato2023_Zenodo_10214943
ZEN0791,-10.034765,-67.104860,Multiple: (Amazon Arch | CNSA),Peripato2023_Zenodo_10214943
ZEN0792,-9.920685,-67.938218,Multiple: (Amazon Arch | CNSA),Peripato2023_Zenodo_10214943
ZEN0793,-9.810540,-67.511777,Multiple: (Amazon Arch | CNSA),Peripato2023_Zenodo_10214943
ZEN0794,-9.960887,-67.479868,Multiple: (Amazon Arch | CNSA),Peripato2023_Zenodo_10214943
ZEN0795,-9.961331,-67.283181,Multiple: (Amazon Arch | CNSA),Peripato2023_Zenodo_10214943
ZEN0796,-9.884757,-67.380131,Multiple: (Amazon Arch | CNSA),Peripato2023_Zenodo_10214943
ZEN0797,-9.730418,-67.224456,Multiple: (Amazon Arch | CNSA),Peripato2023_Zenodo_10214943
ZEN0798,-10.177861,-66.988173,Multiple: (Amazon Arch | CNSA),Peripato2023_Zenodo_10214943
ZEN0799,-10.341756,-67.790712,Multiple: (Amazon Arch | CNSA),Peripato2023_Zenodo_10214943
ZEN0800,-10.520698,-67.707360,Multiple: (Amazon Arch | CNSA),Peripato2023_Zenodo_10214943
ZEN0801,-10.248120,-67.161087,Multiple: (Amazon Arch | CNSA),Peripato2023_Zenodo_10214943
ZEN0802,-8.738657,-67.082650,Multiple: (Amazon Arch | CNSA),Peripato2023_Zenodo_10214943
ZEN0803,-10.093950,-67.306755,Multiple: (Amazon Arch | CNSA),Peripato2023_Zenodo_10214943
ZEN0804,-10.002214,-67.259862,Multiple: (Amazon Arch | CNSA),Peripato2023_Zenodo_10214943
ZEN0805,-10.110122,-67.046753,Multiple: (Amazon Arch | CNSA),Peripato2023_Zenodo_10214943
ZEN0806,-9.863760,-66.942719,Multiple: (Amazon Arch | CNSA),Peripato2023_Zenodo_10214943
ZEN0807,-9.868522,-66.962089,Multiple: (Amazon Arch | CNSA),Peripato2023_Zenodo_10214943
ZEN0808,-10.071533,-67.410149,Multiple: (Amazon Arch | CNSA),Peripato2023_Zenodo_10214943
ZEN0809,-10.304335,-67.724473,Multiple: (Amazon Arch | CNSA),Peripato2023_Zenodo_10214943
ZEN0810,-10.693708,-68.421837,Multiple: (Amazon Arch | CNSA),Peripato2023_Zenodo_10214943
ZEN0811,-10.597075,-67.714187,Multiple: (Amazon Arch | CNSA),Peripato2023_Zenodo_10214943
ZEN0812,-9.698216,-67.212861,Multiple: (Amazon Arch | CNSA),Peripato2023_Zenodo_10214943
ZEN0813,-9.800999,-67.213434,Multiple: (Amazon Arch | CNSA),Peripato2023_Zenodo_10214943
ZEN0814,-9.737352,-67.241988,Multiple: (Amazon Arch | CNSA),Peripato2023_Zenodo_10214943
ZEN0815,-9.792371,-66.817266,Multiple: (Amazon Arch | CNSA),Peripato2023_Zenodo_10214943
ZEN0816,-10.079285,-67.066156,Multiple: (Amazon Arch | CNSA),Peripato2023_Zenodo_10214943
ZEN0817,-10.129659,-67.090426,Multiple: (Amazon Arch | CNSA),Peripato2023_Zenodo_10214943
ZEN0818,-10.127430,-67.034142,Multiple: (Amazon Arch | CNSA),Peripato2023_Zenodo_10214943
ZEN0819,-10.145923,-67.046185,Multiple: (Amazon Arch | CNSA),Peripato2023_Zenodo_10214943
ZEN0820,-10.150778,-67.047992,Multiple: (Amazon Arch | CNSA),Peripato2023_Zenodo_10214943
ZEN0821,-10.270104,-67.071157,Multiple: (Amazon Arch | CNSA),Peripato2023_Zenodo_10214943
ZEN0822,-10.133521,-67.556258,Multiple: (Amazon Arch | CNSA),Peripato2023_Zenodo_10214943
ZEN0823,-9.964514,-67.000291,Multiple: (Amazon Arch | CNSA),Peripato2023_Zenodo_10214943
ZEN0824,-8.896293,-67.435287,Multiple: (Amazon Arch | CNSA),Peripato2023_Zenodo_10214943
ZEN0825,-8.800092,-66.970621,Multiple: (Amazon Arch | CNSA),Peripato2023_Zenodo_10214943
ZEN0826,-8.805900,-67.022363,Multiple: (Amazon Arch | CNSA),Peripato2023_Zenodo_10214943
ZEN0827,-8.794784,-67.061228,Multiple: (Amazon Arch | CNSA),Peripato2023_Zenodo_10214943
ZEN0828,-9.432058,-67.204860,Multiple: (Amazon Arch | CNSA),Peripato2023_Zenodo_10214943
ZEN0829,-9.993964,-66.755256,Multiple: (Amazon Arch | CNSA),Peripato2023_Zenodo_10214943
ZEN0830,-10.105329,-66.906073,Multiple: (Amazon Arch | CNSA),Peripato2023_Zenodo_10214943
ZEN0831,-10.026400,-66.908688,Multiple: (Amazon Arch | CNSA),Peripato2023_Zenodo_10214943
ZEN0832,-9.915841,-66.940006,Multiple: (Amazon Arch | CNSA),Peripato2023_Zenodo_10214943
ZEN0833,-10.074021,-67.013384,Multiple: (Amazon Arch | CNSA),Peripato2023_Zenodo_10214943
ZEN0834,-9.794006,-67.046041,Multiple: (Amazon Arch | CNSA),Peripato2023_Zenodo_10214943
ZEN0835,-9.712591,-67.069386,Multiple: (Amazon Arch | CNSA),Peripato2023_Zenodo_10214943
ZEN0836,-9.997823,-67.094418,Multiple: (Amazon Arch | CNSA),Peripato2023_Zenodo_10214943
ZEN0837,-9.732953,-67.122029,Multiple: (Amazon Arch | CNSA),Peripato2023_Zenodo_10214943
ZEN0838,-9.716327,-67.123480,Multiple: (Amazon Arch | CNSA),Peripato2023_Zenodo_10214943
ZEN0839,-10.586944,-69.603062,Multiple: (Amazon Arch | CNSA),Peripato2023_Zenodo_10214943
ZEN0840,-10.901118,-68.925558,Multiple: (Amazon Arch | CNSA),Peripato2023_Zenodo_10214943
ZEN0841,-10.914140,-68.976591,Multiple: (Amazon Arch | CNSA),Peripato2023_Zenodo_10214943
ZEN0842,-10.296953,-67.883335,Multiple: (Amazon Arch | CNSA),Peripato2023_Zenodo_10214943
ZEN0843,-10.296115,-67.905280,Multiple: (Amazon Arch | CNSA),Peripato2023_Zenodo_10214943
ZEN0844,-10.603874,-67.917465,Multiple: (Amazon Arch | CNSA),Peripato2023_Zenodo_10214943
ZEN0845,-10.265280,-67.063339,Multiple: (Amazon Arch | CNSA),Peripato2023_Zenodo_10214943
ZEN0846,-10.244288,-67.214652,Multiple: (Amazon Arch | CNSA),Peripato2023_Zenodo_10214943
ZEN0847,-10.223727,-67.462168,Multiple: (Amazon Arch | CNSA),Peripato2023_Zenodo_10214943
ZEN0848,-10.383898,-67.495281,Multiple: (Amazon Arch | CNSA),Peripato2023_Zenodo_10214943
ZEN0849,-10.335840,-67.508340,Multiple: (Amazon Arch | CNSA),Peripato2023_Zenodo_10214943
ZEN0850,-10.321516,-67.547678,Multiple: (Amazon Arch | CNSA),Peripato2023_Zenodo_10214943
ZEN0851,-10.378437,-67.591015,Multiple: (Amazon Arch | CNSA),Peripato2023_Zenodo_10214943
ZEN0852,-9.796671,-67.672226,Multiple: (Amazon Arch | CNSA),Peripato2023_Zenodo_10214943
ZEN0853,-9.736953,-67.706944,Multiple: (Amazon Arch | CNSA),Peripato2023_Zenodo_10214943
ZEN0854,-9.740000,-67.728618,Multiple: (Amazon Arch | CNSA),Peripato2023_Zenodo_10214943
ZEN0855,-9.885836,-67.522223,Multiple: (Amazon Arch | CNSA),Peripato2023_Zenodo_10214943
ZEN0856,-10.000958,-67.534968,Multiple: (Amazon Arch | CNSA),Peripato2023_Zenodo_10214943
ZEN0857,-9.984718,-67.663890,Multiple: (Amazon Arch | CNSA),Peripato2023_Zenodo_10214943
ZEN0858,-9.855005,-67.795556,Multiple: (Amazon Arch | CNSA),Peripato2023_Zenodo_10214943
ZEN0859,-10.105557,-67.853057,Multiple: (Amazon Arch | CNSA),Peripato2023_Zenodo_10214943
ZEN0860,-9.965836,-67.866392,Multiple: (Amazon Arch | CNSA),Peripato2023_Zenodo_10214943
ZEN0861,-10.076478,-67.960342,Multiple: (Amazon Arch | CNSA),Peripato2023_Zenodo_10214943
ZEN0862,-9.912248,-67.997210,Multiple: (Amazon Arch | CNSA),Peripato2023_Zenodo_10214943
ZEN0863,-9.910840,-67.168892,Multiple: (Amazon Arch | CNSA),Peripato2023_Zenodo_10214943
ZEN0864,-9.780489,-67.258392,Multiple: (Amazon Arch | CNSA),Peripato2023_Zenodo_10214943
ZEN0865,-9.968061,-67.321116,Multiple: (Amazon Arch | CNSA),Peripato2023_Zenodo_10214943
ZEN0866,-9.823057,-67.373887,Multiple: (Amazon Arch | CNSA),Peripato2023_Zenodo_10214943
ZEN0867,-10.002809,-67.408500,Multiple: (Amazon Arch | CNSA),Peripato2023_Zenodo_10214943
ZEN0868,-9.885448,-67.424623,Multiple: (Amazon Arch | CNSA),Peripato2023_Zenodo_10214943
ZEN0869,-10.271117,-67.543335,Multiple: (Amazon Arch | CNSA),Peripato2023_Zenodo_10214943
ZEN0870,-10.063897,-67.557503,Multiple: (Amazon Arch | CNSA),Peripato2023_Zenodo_10214943
ZEN0871,-10.085027,-67.601278,Multiple: (Amazon Arch | CNSA),Peripato2023_Zenodo_10214943
ZEN0872,-10.202624,-67.656620,Multiple: (Amazon Arch | CNSA),Peripato2023_Zenodo_10214943
ZEN0873,-10.291675,-67.690840,Multiple: (Amazon Arch | CNSA),Peripato2023_Zenodo_10214943
ZEN0874,-10.182226,-67.706395,Multiple: (Amazon Arch | CNSA),Peripato2023_Zenodo_10214943
ZEN0875,-10.597226,-67.996396,Multiple: (Amazon Arch | CNSA),Peripato2023_Zenodo_10214943
ZEN0876,-10.671663,-68.140699,Multiple: (Amazon Arch | CNSA),Peripato2023_Zenodo_10214943
ZEN0877,-10.377161,-68.155224,Multiple: (Amazon Arch | CNSA),Peripato2023_Zenodo_10214943
ZEN0878,-10.708056,-68.171668,Multiple: (Amazon Arch | CNSA),Peripato2023_Zenodo_10214943
ZEN0879,-10.555626,-68.549729,Multiple: (Amazon Arch | CNSA),Peripato2023_Zenodo_10214943
ZEN0880,-9.721672,-66.121957,Multiple: (Amazon Arch | CNSA),Peripato2023_Zenodo_10214943
ZEN0881,-9.721397,-66.125769,Multiple: (Amazon Arch | CNSA),Peripato2023_Zenodo_10214943
ZEN0882,-9.845735,-66.383039,Multiple: (Amazon Arch | CNSA),Peripato2023_Zenodo_10214943
ZEN0883,-9.682170,-66.549386,Multiple: (Amazon Arch | CNSA),Peripato2023_Zenodo_10214943
ZEN0884,-9.767500,-66.586663,Multiple: (Amazon Arch | CNSA),Peripato2023_Zenodo_10214943
ZEN0885,-9.759420,-66.625112,Multiple: (Amazon Arch | CNSA),Peripato2023_Zenodo_10214943
ZEN0886,-8.887638,-67.251703,Multiple: (Amazon Arch | CNSA),Peripato2023_Zenodo_10214943
ZEN0887,-8.875499,-67.244870,Multiple: (Amazon Arch | CNSA),Peripato2023_Zenodo_10214943
ZEN0888,-10.255482,-67.722808,Multiple: (Amazon Arch | CNSA),Peripato2023_Zenodo_10214943
ZEN0889,-10.448772,-67.761106,Multiple: (Amazon Arch | CNSA),Peripato2023_Zenodo_10214943
ZEN0890,-10.107461,-67.786057,Multiple: (Amazon Arch | CNSA),Peripato2023_Zenodo_10214943
ZEN0891,-10.230445,-67.123998,Multiple: (Amazon Arch | CNSA),Peripato2023_Zenodo_10214943
ZEN0892,-10.207870,-67.124417,Multiple: (Amazon Arch | CNSA),Peripato2023_Zenodo_10214943
ZEN0893,-10.249113,-67.181155,Multiple: (Amazon Arch | CNSA),Peripato2023_Zenodo_10214943
ZEN0894,-10.203702,-67.171649,Multiple: (Amazon Arch | CNSA),Peripato2023_Zenodo_10214943
ZEN0895,-10.413061,-67.726666,Multiple: (Amazon Arch | CNSA),Peripato2023_Zenodo_10214943
ZEN0896,-10.075556,-67.554442,Multiple: (Amazon Arch | CNSA),Peripato2023_Zenodo_10214943
ZEN0897,-10.036818,-67.537042,Multiple: (Amazon Arch | CNSA),Peripato2023_Zenodo_10214943
ZEN0898,-10.523655,-67.666665,Multiple: (Amazon Arch | CNSA),Peripato2023_Zenodo_10214943
ZEN0899,-9.897347,-67.422262,Multiple: (Amazon Arch | CNSA),Peripato2023_Zenodo_10214943
ZEN0900,-9.913889,-67.478613,Multiple: (Amazon Arch | CNSA),Peripato2023_Zenodo_10214943
ZEN0901,-9.762500,-67.821388,Multiple: (Amazon Arch | CNSA),Peripato2023_Zenodo_10214943
ZEN0902,-9.576944,-67.724167,Multiple: (Amazon Arch | CNSA),Peripato2023_Zenodo_10214943
ZEN0903,-9.915276,-67.673057,Multiple: (Amazon Arch | CNSA),Peripato2023_Zenodo_10214943
ZEN0904,-9.623333,-67.792502,Multiple: (Amazon Arch | CNSA),Peripato2023_Zenodo_10214943
ZEN0905,-10.078333,-67.994721,Multiple: (Amazon Arch | CNSA),Peripato2023_Zenodo_10214943
ZEN0906,-9.701111,-67.666945,Multiple: (Amazon Arch | CNSA),Peripato2023_Zenodo_10214943
ZEN0907,-9.884847,-67.440319,Multiple: (Amazon Arch | CNSA),Peripato2023_Zenodo_10214943
ZEN0908,-10.180476,-67.530638,Multiple: (Amazon Arch | PAST),Peripato2023_Zenodo_10214943
ZEN0909,-9.096619,-67.249207,Multiple: (Amazon Arch | PAST),Peripato2023_Zenodo_10214943
ZEN0910,-10.601673,-67.917838,Multiple: (Amazon Arch | PAST),Peripato2023_Zenodo_10214943
ZEN0911,-9.767120,-67.535483,Multiple: (Amazon Arch | PAST),Peripato2023_Zenodo_10214943
ZEN0912,-10.061136,-67.060494,Multiple: (Amazon Arch | PAST),Peripato2023_Zenodo_10214943
ZEN0913,-12.056646,-63.514047,Multiple: (Amazon Arch | PAST),Peripato2023_Zenodo_10214943
ZEN0914,-12.354475,-64.234990,Multiple: (Amazon Arch | PAST),Peripato2023_Zenodo_10214943
ZEN0915,-11.948432,-63.452734,Multiple: (Amazon Arch | PAST),Peripato2023_Zenodo_10214943
ZEN0916,-12.059688,-63.476437,Multiple: (Amazon Arch | PAST),Peripato2023_Zenodo_10214943
ZEN0917,-12.178713,-63.470296,Multiple: (Amazon Arch | PAST),Peripato2023_Zenodo_10214943
ZEN0918,-9.699531,-66.268049,Multiple: (Amazon Arch | PAST),Peripato2023_Zenodo_10214943
ZEN0919,-10.302038,-67.694375,Multiple: (Amazon Arch | PAST),Peripato2023_Zenodo_10214943
ZEN0920,-12.850367,-62.900741,Multiple: (Amazon Arch | PAST),Peripato2023_Zenodo_10214943
ZEN0921,-10.260686,-67.684458,Multiple: (Amazon Arch | PAST),Peripato2023_Zenodo_10214943
ZEN0922,-9.727818,-67.129761,Multiple: (Amazon Arch | PAST),Peripato2023_Zenodo_10214943
ZEN0923,-10.258068,-67.679313,Multiple: (Amazon Arch | PAST),Peripato2023_Zenodo_10214943
ZEN0924,-13.613836,-63.633417,Multiple: (Amazon Arch | PAST),Peripato2023_Zenodo_10214943
ZEN0925,-13.685055,-63.704884,Multiple: (Amazon Arch | PAST),Peripato2023_Zenodo_10214943
ZEN0926,-13.780421,-63.747883,Multiple: (Amazon Arch | PAST),Peripato2023_Zenodo_10214943
ZEN0927,-13.718728,-63.743742,Multiple: (Amazon Arch | PAST),Peripato2023_Zenodo_10214943
ZEN0928,-13.794107,-63.745064,Multiple: (Amazon Arch | PAST),Peripato2023_Zenodo_10214943
ZEN0929,-13.642969,-63.639479,Multiple: (Amazon Arch | PAST),Peripato2023_Zenodo_10214943
ZEN0930,-13.622338,-63.655046,Multiple: (Amazon Arch | PAST),Peripato2023_Zenodo_10214943
ZEN0931,-13.624688,-63.650098,Multiple: (Amazon Arch | PAST),Peripato2023_Zenodo_10214943
ZEN0932,-13.637491,-63.649841,Multiple: (Amazon Arch | PAST),Peripato2023_Zenodo_10214943
ZEN0933,-13.640790,-63.647911,Multiple: (Amazon Arch | PAST),Peripato2023_Zenodo_10214943
ZEN0934,-13.724049,-63.487979,Multiple: (Amazon Arch | PAST),Peripato2023_Zenodo_10214943
ZEN0935,-13.739956,-63.465882,Multiple: (Amazon Arch | PAST),Peripato2023_Zenodo_10214943
ZEN0936,-13.772125,-63.453878,Multiple: (Amazon Arch | PAST),Peripato2023_Zenodo_10214943
ZEN0937,-13.764171,-63.421717,Multiple: (Amazon Arch | PAST),Peripato2023_Zenodo_10214943
ZEN0938,-13.767754,-63.384468,Multiple: (Amazon Arch | PAST),Peripato2023_Zenodo_10214943
ZEN0939,-10.438886,-65.319064,Multiple: (Amazon Arch | PAST),Peripato2023_Zenodo_10214943
ZEN0940,-10.615556,-68.039719,Multiple: (Amazon Arch | PAST),Peripato2023_Zenodo_10214943
ZEN0941,-10.610087,-67.906109,Multiple: (Amazon Arch | PAST),Peripato2023_Zenodo_10214943
ZEN0942,-10.016998,-67.164501,Multiple: (Amazon Arch | PAST),Peripato2023_Zenodo_10214943
ZEN0943,-13.488829,-61.006897,Multiple: (Amazon Arch | PAST),Peripato2023_Zenodo_10214943
ZEN0944,-13.329758,-62.008682,Multiple: (Amazon Arch | PAST),Peripato2023_Zenodo_10214943
ZEN0945,-10.110967,-67.044624,Multiple: (Amazon Arch | PAST),Peripato2023_Zenodo_10214943
ZEN0946,-9.806032,-66.341793,Multiple: (Amazon Arch | PAST),Peripato2023_Zenodo_10214943
ZEN0947,-10.942539,-68.623740,Multiple: (Amazon Arch | PAST),Peripato2023_Zenodo_10214943
ZEN0948,-13.262837,-63.706986,Multiple: (Amazon Arch | PAST),Peripato2023_Zenodo_10214943
ZEN0949,-10.191137,-67.721994,Multiple: (Amazon Arch | PAST),Peripato2023_Zenodo_10214943
ZEN0950,-9.771946,-67.312501,Multiple: (Amazon Arch | PAST),Peripato2023_Zenodo_10214943
ZEN0951,-9.727207,-66.312040,Multiple: (Amazon Arch | PAST),Peripato2023_Zenodo_10214943
ZEN0952,-10.943256,-68.622543,Multiple: (CNSA | PAST),Peripato2023_Zenodo_10214943
ZEN0953,-10.035557,-67.165286,Multiple: (CNSA | PAST),Peripato2023_Zenodo_10214943
ZEN0954,-10.623375,-67.816135,Multiple: (CNSA | PAST),Peripato2023_Zenodo_10214943
ZEN0955,-10.596801,-67.802372,Multiple: (CNSA | PAST),Peripato2023_Zenodo_10214943
ZEN0956,-8.775647,-64.119299,Multiple: (CNSA | PAST),Peripato2023_Zenodo_10214943
ZEN0957,-10.073094,-67.320402,Multiple: (CNSA | PAST),Peripato2023_Zenodo_10214943
ZEN0958,-10.075001,-68.011193,Multiple: (CNSA | PAST),Peripato2023_Zenodo_10214943
ZEN0959,-10.325263,-67.787086,Multiple: (CNSA | PAST),Peripato2023_Zenodo_10214943
ZEN0960,-10.656791,-68.412307,Multiple: (CNSA | PAST),Peripato2023_Zenodo_10214943
ZEN0961,-10.180484,-67.527503,Multiple: (CNSA | PAST),Peripato2023_Zenodo_10214943
