Id;Coor_X ;Coor_Y;Area;Necrop;Muni;Grid10;Grid50;Cad_Ref;Cad_Pol;Cad_Par;Ort_Cham;Ort_Cov;Corridor;Typo2019;Typo1959;Cham_Len59;Cham_Wid59;Cham_Hei59;Surface59;Volume59;Corr_Len59;Corr_Wid59;Cham_Len19;Cham_Wid19;Cham_Hei19;Surface19;Volume19;Corr_Len19;Corr_Wid19;Viewshed_M;Viewshed_Km;Slope;Slope_Av30;Slope_Min30;Slope_Max30;Slope_Av50;Slope_Min50;Slope_Max50;Height;Height_Av30;Height_Min30;Height_Max30;Height_Av50;Height_Min50;Height_Max50;Ori_Corr;Ori_Corr2;Ori_Terr;Ori_Terr2;Dis_Water;Dis_Gor;Dis_Fardes;Dis_Baul;Topo_Terr;Riverside;Use1870;Use1956;Conserv;Geo;Litho;Gull_Ero;Aeol_Ero
3;490229;4151622;1;1;1;97114;971;18191A00700023;7;23;8;5;1;1;;;;;;;;;2,77;2,6;1,28;7,2;9,21;1,2;0,78;2442780;2,44278;9,19;13,21;2,78;34,61;15,72;0,91;42,28;743,41;743,34;740,88;749,99;744,25;739,59;752,85;4;146;7;272,94;270,98;924,79;327,52;16354,81;1;2;4;1;2;3;1;0;0
4;490196;4151629;1;1;1;97114;971;18191A00700023;7;23;11;3;1;1;1;3,7;2,1;1,85;7,77;14,37;;;3,73;2,3;1,9;8,57;16,3;;;2731210;2,73121;1,73;16,84;0,91;69,35;30,42;0,91;109,32;741,82;740,37;728,56;742,62;737,64;714,61;744,69;4;143;8;335,14;272,74;946,08;293,89;16387,81;1;2;4;1;1;3;1;0;0
5;490217;4151591;1;1;1;97114;971;18191A00700023;7;23;4;1;1;2;1;3;1,85;1,2;5,55;6,66;;;2,1;1,34;0,75;2,81;2,11;;;2530280;2,53028;10,95;14,13;1,42;47,33;30,67;0,91;110,53;741,96;742,2;738,04;746,17;741,64;718,36;753,86;4;141;7;250,62;248,17;953,96;321,4;16353,2;1;2;4;1;1;3;1;0;0
6;490191;4151610;1;1;1;97114;971;18191A00700023;7;23;8;2;1;1;1;;;;;;;;3,8;1,23;;4,67;;;;2802490;2,80249;11,36;31,64;0,91;109,32;39,62;0,91;110,53;741,08;738,39;722,02;742,31;734,43;704,64;744,03;4;120;8;314,07;271,2;961,81;291,96;16384,67;1;2;4;1;1;3;1;0;0
7;490460;4151594;2;1;1;97114;971;18191A00700026;7;26;3;1;1;4;4;;;;;;;;1,8;1,7;;3,06;;;0,54;3318200;3,3182;7,34;10,07;1,3;17,51;9,01;0,91;23,97;788,4;787,1;783,61;789,31;786,09;781,46;789,59;4;116;1;21,92;241,42;783,34;474,74;16132,55;1;2;1;2;2;2;1;0;0
8;490453;4151582;2;1;1;97114;971;18191A00700026;7;26;8;4;1;2;1;;;;;;3,9;2,8;3,6;2,7;;9,72;;1,76;0,97;3252370;3,25237;3,39;9,3;0,91;15,9;8,53;0,91;17,51;789,08;787,65;784,51;789,56;786,77;782,41;789,91;1;0;8;327,44;226,62;797,09;484,28;16134,01;1;2;1;2;2;2;1;0;0
9;490431;4151567;2;1;1;97114;971;18191A00700026;7;26;9;4;1;1;1;5;2,4;1,75;12;21;;;4,95;2,37;1,7;11,73;19,94;;;3334070;3,33407;4,33;6,33;0,91;12,14;7,3;0,91;15,9;789,49;788,74;786,64;789,86;788,14;784,63;790,73;5;162;8;310,66;208,08;822,52;492,46;16147,94;1;2;1;2;1;2;1;0;0
10;490396;4151574;2;1;1;97114;971;18191A00700026;7;26;3;0;1;2;2;;;;;;2,2;1,65;2;1,7;;3,4;;;0,63;3392120;3,39212;6,33;6,22;3,63;8,67;6,03;0,91;11,2;788,05;788,09;786,16;789,8;787,83;784,63;790,26;2;56;1;22,56;201,97;839,31;475,87;16182,75;1;2;1;2;2;2;1;0;0
11;490521;4151082;3;1;1;97114;971;18191A00700028;7;28;10;1;1;2;5;;;;;;;;2,2;1,45;;3,19;;2;1;1656230;1,65623;10,12;8,28;3,04;14,39;9,83;1,34;21,24;820,02;819,11;817,32;820,63;818,61;814,1;822,91;3;110;5;170,13;132,93;1140,61;803,52;15872,78;1;2;1;3;1;1;1;0;0
12;490542;4151072;3;1;1;97114;971;18191A00700028;7;28;1;0;0;;;;;;;;;;;;;;;;;917733;0,917733;10,56;11;3,57;15,84;11,32;3,04;21,14;817,77;817,54;813,93;820,38;816,73;811,43;820,82;4;;4;132,99;124,22;1132,94;826,12;15849,54;1;2;1;3;3;1;1;0;0
13;493082;4149396;4;2;2;99321;993;18088A00600020;6;20;3;0;1;2;;;;;;;;;;;;;;;;4406340;4,40634;10,69;41,35;2,56;101,45;48,99;2,39;146,59;892,24;889,62;879,32;894,57;885,66;860,64;894,57;3;100;4;143,59;63,02;465,96;3728,27;12872,53;2;2;4;1;2;2;2;0;0
14;493528;4148288;4;2;2;99321;993;18088A00600026;6;26;10;3;0;1;1;4,2;2,2;1,6;9,24;14,7;;;3,8;2,2;;8,36;;;1;1092860;1,09286;41,15;52,88;7,4;83,89;51,99;7,4;93,16;922,07;914,83;900,66;926,45;912,62;890,2;930,77;3;90;8;324,8;27,34;952,18;4697,09;12105,1;2;2;4;1;2;2;2;1;0
15;493459;4148179;4;2;2;99321;993;18088A00600026;6;26;4;1;0;2;1;;;;;;;;;;;;;;;3280330;3,28033;47,48;46,09;13,54;69,93;45,78;2,19;81,2;974,45;975,54;957,92;987,73;972,25;944,31;988,1;4;;2;35,25;85,89;1068;4680,08;12142,18;2;2;4;4;2;2;2;0;0
16;493969;4148405;4;2;2;99321;993;18088A00600031;6;31;4;0;0;;;;;;;;;;;;;;;;;3368510;3,36851;54,14;48,1;19,45;87,39;50,8;1,34;131,74;903,34;899,41;882,52;910,99;897,71;875,39;915,82;3;86;3;67,82;25,78;524,99;5052,33;11715,44;2;2;4;1;3;2;2;1;0
17;494013;4148249;4;2;2;99321;993;18088A00600031;6;31;6;0;1;1;5;1,95;1,4;0,9;2,73;2,5;;;2;1,5;;3;;;;4108370;4,10837;15,32;43,26;3,34;118,37;48,15;1,02;121,15;928,91;923,83;907,01;929,66;918,56;896,81;929,66;4;130;7;286,63;27,25;608,81;5158,61;11628,4;2;2;4;4;2;2;2;1;0
18;494019;4148237;4;2;2;99321;993;18088A00600031;6;31;3;0;1;1;6;;;;;;;;1,52;1,9;;2,88;;0,6;0,42;3839250;3,83925;11,56;44,09;1,02;118,37;45,38;1,02;121,15;929,55;923,82;909,68;929,66;920,15;897,72;929,84;4;124;2;50,93;22,18;614,76;5168,71;11619,26;2;2;4;4;2;2;2;1;0
19;493986;4148152;4;2;2;99321;993;18088A00600033;6;33;4;0;0;1;1;;;;;;;;1,7;1,17;1,63;1,98;3,24;;;2099560;2,09956;32,02;38,84;23,34;59,87;39,01;20,73;66,71;937,42;933,25;919,41;943,78;932,28;913,26;951,49;3;105;8;306,06;22,74;703,12;5171,2;11627,36;2;2;4;1;2;2;2;1;0
20;493991;4148106;4;2;2;99321;993;18088A00600033;6;33;7;1;0;1;1;2,8;1,45;1,5;4,06;6,09;;;2,64;1,8;1,38;4,75;6,55;;;3162080;3,16208;41,63;41,81;25,98;66,71;42,03;20,88;75,82;951,49;949,16;937,36;960,89;947,86;928,87;969,04;1;14;1;349,33;48,85;738,77;5194,14;11610,03;2;2;4;1;2;2;2;1;0
21;493910;4148014;5;2;2;99321;993;18088A00600033;6;33;3;0;1;1;2;2;1,35;1,1;2,7;2,97;;;2;1,26;0,85;2,52;2,14;0,83;0,67;5697960;5,69796;19,73;39,36;0,81;72,43;40,06;0,81;73,1;990,15;984,52;972,15;990,98;980,79;963,42;991,21;4;122;1;3;38,02;860,02;5158,35;11663,67;1;2;4;4;2;2;2;0;1
22;493976;4148018;5;2;2;99321;993;18088A00600033;6;33;5;1;0;2;2;1,6;1,55;1,4;2,48;3,47;;;1,65;1,35;1,1;2,22;2,45;;;7194010;7,19401;18,3;30,13;0,05;60,46;33,89;0,05;68,99;991,77;987,49;976,1;991,77;984,1;965,18;991,8;3;106;8;305,09;72,2;821,92;5216,55;11601,02;1;2;4;4;2;2;2;0;1
23;493988;4148009;5;2;2;99321;993;18088A00600033;6;33;5;0;1;2;2;1,85;1,1;1,25;2,03;2,54;;;1,56;1,36;1,1;2,12;2,33;1,2;0,6;6774360;6,77436;20,69;28,13;0,05;66,12;33,74;0,05;81,46;991,72;988,92;980,26;991,8;984,89;966,78;991,8;4;116;2;45,82;72,66;823,89;5231,22;11587,08;1;2;4;4;2;2;2;0;1
24;493998;4147993;5;2;2;99321;993;18088A00600033;6;33;5;0;1;1;2;2,1;1,5;1,3;3,15;4,09;;;2;1,5;1,15;3;3,45;1,5;0,5;6425200;6,4252;7,97;25,05;0,05;80,65;32,16;0,05;95,27;991,59;989,21;979,97;991,8;985,88;964,46;991,8;4;131;8;326,81;70,4;833,26;5247;11573,24;1;2;4;4;3;2;2;0;1
25;494000;4148020;4;2;2;99321;993;18088A00600033;6;33;3;0;1;1;5;;;;;;1,5;1,85;1,75;1,4;0,5;2,45;1,22;0,36;0,46;4478530;4,47853;45,92;44,01;0,05;71,93;41,89;0,05;88,64;986,12;983,95;968,78;991,8;980,12;959,85;991,8;3;83;2;55,96;74,82;808,49;5237,54;11578,4;2;2;4;4;3;2;2;0;1
26;494014;4148002;4;2;2;99321;993;18088A00600033;6;33;3;0;0;;5;;;;;;;;;;;;;;;4102270;4,10227;50,95;47,5;0,05;93,55;42,36;0,05;95,27;985,93;982,83;966,94;991,8;979,69;953,55;991,8;;;2;57,87;64,75;817,92;5257,76;11560,15;2;2;4;4;2;2;2;0;1
27;494003;4147983;5;2;2;99321;993;18088A00600033;6;33;5;0;0;1;6;1,45;1,2;0,95;1,74;1,65;;;1,44;1,1;0,6;1,58;0,95;;;6650540;6,65054;11,28;27,39;0,05;80,99;30,78;0,05;95,27;991,7;988,75;974,71;991,8;985,85;962,12;991,8;4;134;6;233,28;70,35;839,84;5255,74;11565,8;1;2;4;5;2;2;2;0;1
28;494085;4147974;4;2;2;99321;993;18088A00600033;6;33;10;0;1;2;1;3,7;2;1,5;7,4;11,1;;;3,45;1,93;1,38;6,65;9,18;1,2;0,74;2188900;2,1889;48,94;65,93;36,76;112,45;73,78;34,65;121;948,94;951,27;935,81;967,59;947,55;905,46;976,74;4;138;3;91,51;38,92;814,21;5333,97;11484,3;2;2;4;4;2;2;2;0;1
29;494038;4147888;5;2;2;99321;993;18088A00600033;6;33;5;0;1;1;4;1,1;1,2;0,85;1,32;1,12;;;1,02;1,3;;1,32;;1;0,5;4322260;4,32226;19,91;33,61;0,54;85,04;36,59;0;125,3;992,15;989,04;974,93;992,48;987,07;959,74;992,78;4;118;2;54,77;74,9;911,56;5327,98;11507,54;1;2;4;5;2;2;2;0;1
30;493939;4147762;5;2;3;99321;993;18091A00300001;3;1;;0;0;;1;2,65;2,3;1,8;6,09;10,97;;;;;;;;;;2849550;2,84955;0,54;0,7;0,04;1,28;0,91;0,04;1,57;992,39;992,24;991,85;992,55;992,21;991,75;992,75;;;6;206,21;186,79;1066,65;5295,67;11572,25;1;2;4;5;3;3;2;0;1
31;493933;4147760;5;2;3;99321;993;18091A00300001;3;1;1;0;0;;2;1,5;0,9;0,85;1,35;1,14;;;;;;;;;;2850780;2,85078;0,51;0,63;0,04;1,22;0,9;0,04;1,59;992,18;992,19;991,85;992,47;992,17;991,69;992,68;;;7;257,31;186,7;1070,99;5291,26;11577,59;1;2;4;5;3;3;2;0;1
32;494054;4147867;5;2;2;99321;993;18088A00600033;6;33;4;0;1;1;4;1,2;1;0,9;1,2;1,08;;;1,56;0,9;;1,4;;0,4;0,5;5403690;5,40369;42,27;48,73;0,44;126,92;47,02;0,19;146,66;992,47;989,24;977,11;992,84;985,22;948,75;993,09;4;117;2;34,05;56,99;925,17;5351,51;11486,74;1;2;4;5;2;2;2;0;1
33;494060;4147859;5;2;2;99321;993;18088A00600033;6;33;6;1;0;1;5;2,15;2;1,15;4,3;4,9;;;3,2;1,95;0,9;6,24;5,61;;;5569570;5,56957;52,27;55,75;0,44;145,86;49,19;0,44;146,66;992,76;989,16;967,2;993,09;984,51;945,42;993,1;3;100;2;45,44;50,7;930,53;5360,4;11478,92;1;2;4;5;2;2;2;0;1
41;494428;4147829;6;2;2;99321;993;18088A00600036;6;36;4;0;0;;;1,5;;0,9;;;;;;;;;;;;1883420;1,88342;38,12;46,18;28,84;79,73;57,08;28,84;105,49;943,52;945,12;930,96;958,36;943,26;919,44;967,34;3;100;1;347;28,93;712,02;5706,2;11115,41;2;2;4;1;2;2;2;0;1
43;494516;4147647;6;2;2;99321;993;18088A00600037;6;37;11;3;1;2;1;3,15;2,05;1,75;6,45;11,3;;;2,9;2;1,65;5,8;9,57;;;1564310;1,56431;48,99;57,08;37,34;94,83;63,84;1,31;125,08;983,76;982,41;966,87;997,37;981,43;944,07;998,66;3;94;2;48,55;75,98;803,93;5863,21;10984,59;2;2;4;4;1;2;2;0;1
46;494552;4147585;6;2;2;99321;993;18088A00600037;6;37;5;0;0;;3;1,45;1,35;0,75;1,95;1,46;;;1,8;1,1;0,98;1,98;1,94;;;3911810;3,91181;35,33;55,61;0,35;135,22;63,23;0,02;158,88;998,74;993,55;969,04;998,79;986,76;936,67;999,33;3;111;2;29,85;54,44;833,87;5922,73;10934,68;1;2;4;4;2;2;2;0;1
49;494472;4148024;6;2;2;99321;993;18088A00700014;7;14;8;0;1;2;2;2,1;1,15;1,25;2,4;3,01;;;2,05;1,4;1,2;2,87;3,44;0,5;0,57;2683890;2,68389;26,36;48,84;13,71;98,73;47,88;8,9;98,73;914,57;910,3;894,96;921,45;906,14;871,88;923,01;4;125;1;338;28,76;540,21;5666,58;11124,89;2;2;4;1;2;2;2;1;0
50;494556;4147885;6;2;2;99321;993;18088A00700016;7;16;2;0;1;;;;;;;;;;;;;;;;;2377380;2,37738;42,69;38,85;17,97;81,44;45,88;13,33;143,28;938,03;935,54;925,35;947,4;932,25;894,62;958,79;4;114;2;28,62;48,8;586,73;5800,36;11006,49;2;2;4;1;2;2;2;1;0
52;494798;4147889;6;2;2;99321;993;18088A00700017;7;17;8;0;0;1;1;;;;;;;;;;;;;;;1848930;1,84893;20,53;59,12;17,8;105,73;58;17,8;105,73;927,4;916,28;894,21;930,35;912,39;887,74;932,87;;;7;248,93;21,99;443,66;5980,85;10774,42;2;2;4;1;2;2;2;1;0
53;494621;4147747;6;2;2;99321;993;18088A00700016;7;16;6;0;0;;;;;;;;;;;;;;;;;2873910;2,87391;18,59;67,56;2,98;120,4;76,56;2,98;147,89;994,63;986,67;961,46;998,62;978,95;928,62;998,73;;;6;232,61;68,33;661,7;5915,83;10907,85;1;2;4;4;3;2;2;1;0
55;494678;4147698;6;2;2;99321;993;18088A00700016;7;16;5;0;1;2;2;1,95;1,4;1,5;2,73;4,09;;;2;1,3;1,3;2,6;3,38;0,5;0,5;5230540;5,23054;31,04;28,65;0,56;71,14;31,55;0,25;74,15;999,09;995,84;982,54;999,17;993,82;973,61;999,24;4;128;4;136,88;73,84;668,91;5988,04;10840,29;1;2;4;4;2;2;2;0;0
58;494782;4147681;6;2;2;99321;993;18088A00700016;7;16;6;0;1;2;5;1,5;1,5;1,35;2,25;3,03;;;1,6;1,3;;2,08;;1;0,5;5707130;5,70713;23,03;30,39;1,31;62,59;31,44;1,03;82,71;1000,17;996,44;986,6;1000,33;993,7;970,52;1000,66;4;116;1;352,11;53,86;622,89;6089,71;10735,37;1;2;4;4;2;2;2;0;0
62;494723;4147439;6;2;2;99321;993;18088A00600037;6;37;5;0;0;2;2;1,75;1,2;1,3;2,1;2,73;;;1,6;1,15;0,95;1,84;1,74;;;2715880;2,71588;6,37;10,09;0,19;24,83;9,24;0,19;26,73;1001,61;999,75;995,14;1002,04;999,54;993,82;1002,13;4;135;7;261,16;23,05;833,97;6140,84;10734,17;1;2;4;4;2;2;2;0;1
64;495259;4147711;7;3;2;99321;993;18088A00700017;7;17;2;0;0;;;;;;;;;;;;;;;;;135604;0,135604;85;63,41;16,9;122,61;51,27;8,43;136,4;906,11;906,98;891,77;927,65;909,27;881,76;932,81;;;7;283,68;18,33;285,74;6422,7;10282,53;2;2;4;4;3;2;2;1;0
65;495478;4147454;7;3;2;99321;993;18088A00800001;8;1;10;2;1;1;1;3,4;1,9;1,55;6,46;10,01;;;3,41;1,95;1,7;6,64;11,3;0,93;0,7;2700220;2,70022;2,26;32,5;2,26;76,93;31,05;2,26;85,88;961,43;956,38;941,69;961,43;954,27;933,39;961,8;5;161;4;128,83;100,92;468,52;6759,96;10004,69;2;2;4;4;1;2;2;0;0
66;495484;4147498;7;3;2;99321;993;18088A00800001;8;1;7;0;1;3;5;1,6;1,65;1,25;2,64;3,3;;;1,56;1,26;1,07;1,96;2,1;1,1;0,5;2921590;2,92159;23,75;35,79;12,12;85,88;37,69;2,26;109,07;954,5;951,55;937,95;958,98;948;927,63;961,43;3;109;3;90,59;64,11;440,5;6732,04;10009,91;2;2;4;4;2;2;2;0;0
67;495542;4147388;7;3;2;99321;993;18088A00800002;8;2;5;1;1;2;;;;;;;;;2,9;2;1,8;5,8;10,44;0,9;0,8;1172290;1,17229;64,34;51,54;13,46;85,41;39,57;7,33;85,41;948,63;948,57;932,39;961,83;948,41;926,51;965,2;3;110;2;47,35;101,5;459,09;6851,88;9926,41;2;2;4;4;2;2;2;0;0
68;495700;4147159;8;3;2;99321;993;18088A00800003;8;3;5;0;1;1;5;1,65;1,2;1,3;1,98;2,57;;;1,79;1;0,95;1,79;1,7;1,85;0,6;1250370;1,25037;15,23;14,2;7,52;25,1;13,54;2,9;25,1;969,52;967,94;962,76;971,8;967,62;960,27;974,98;4;127;2;37,37;66,9;508,19;7127,12;9719,07;2;2;4;1;2;2;2;0;0
69;495708;4147149;8;3;2;99321;993;18088A00800003;8;3;12;2;1;1;1;4,4;2,7;1,6;11,88;19.008;;;4,36;2,84;1,66;12,38;20,55;1,3;0,9;1193330;1,19333;15,13;13,67;7,52;25,1;13,11;2,02;25,1;969,98;968,55;963,73;972,32;968,26;962,1;975,77;3;74;2;42,42;74,4;510,07;7139,89;9709,02;2;2;4;1;1;2;2;0;0
70;495707;4147135;8;3;2;99321;993;18088A00800003;8;3;8;1;1;1;5;2,5;1,8;1,3;4,5;5,85;;;2,4;1,7;1,4;4,08;5,71;1,5;0,7;1117050;1,11705;11,44;13,75;7,52;24,86;14,02;3,79;25,1;970,25;970,11;965,56;974,08;969,83;963,16;977,84;4;142;2;47,59;90,46;521,01;7149,49;9706,86;2;2;4;1;2;2;2;0;0
71;495716;4147250;8;3;2;99321;993;18088A00800003;8;3;7;1;1;2;5;;;;;;;;1,98;1,46;1,66;2,89;4,79;1,09;0,76;1307270;1,30727;6,36;13,8;2,16;32,35;15,52;2,16;42,71;960,45;958,15;953,71;960,7;957,92;949,41;962,87;4;121;2;67,03;25,4;433,47;7071,64;9724,44;2;2;4;1;2;2;2;0;0
72;495769;4147280;8;3;2;99321;993;18088A00800003;8;3;2;1;1;1;;;;;;;;;;;;;;;;2009020;2,00902;47,99;40,04;10,62;68,91;41,45;10,38;116,78;953,04;949,83;936,66;957,23;947,53;920,62;959,47;3;94;2;49,01;66,97;373,88;7086,43;9680,05;2;2;4;1;3;2;2;0;0
73;495768;4147275;8;3;2;99321;993;18088A00800003;8;3;7;1;1;1;3;1,9;1,6;1,3;3,04;3,95;;;1,84;1,1;1,2;2,02;2,42;1,1;0,62;2021570;2,02157;44,34;36,31;10,46;68,91;39,15;10,38;113,62;954,79;951,46;939,23;957,95;948,98;925,81;960,07;3;81;1;16,74;70,05;378;7089,36;9679,83;2;2;4;1;2;2;2;0;0
74;495788;4147247;8;3;2;99321;993;18088A00800003;8;3;5;0;1;1;;;;;;;;;;;;;;;;1946450;1,94645;32,89;46,33;10,38;118,08;53,78;10,38;122,24;957,24;953,24;931,61;960,64;947,88;903,59;962,69;1;1;2;49,93;55,08;383,82;7123,43;9653,75;2;2;4;1;2;2;2;0;0
76;495801;4147235;8;3;2;99321;993;18088A00800003;8;3;5;0;1;2;6;1,6;1,25;1,5;2;3;;;1,5;1,5;1,46;2,25;3,28;0,79;0,6;1884310;1,88431;65,99;69,35;11,13;122,24;62,96;10,38;122,24;955,68;948,01;920,17;960,77;943,37;895,05;963,11;3;72;3;69,69;38,46;383,77;7141,09;9638,29;2;2;4;1;2;2;2;0;0
77;495781;4147231;8;3;2;99321;993;18088A00800003;8;3;5;0;1;1;4;0,95;1;1,1;0,95;1.045;;;1;1;0,86;1;0,86;1,56;0,3;1789200;1,7892;15,37;33,6;10,38;98,13;44,25;8,2;122,24;959,5;957,52;948,9;962,2;953,02;920,17;966,13;3;95;2;37,64;55,16;400,31;7130,19;9656,79;2;2;4;1;2;2;2;0;0
78;495759;4147185;8;3;2;99321;993;18088A00800003;8;3;5;0;1;1;5;1,6;1,5;1;2,4;2,4;;;1,6;1,3;0,87;2,08;1,8;1,1;0,46;1527710;1,52771;7,09;15,32;2,02;53,95;20,06;2,02;75,84;966,13;963,36;951,9;966,13;961,62;944,59;967,17;5;167;2;63,59;66,37;448,99;7148,42;9667,53;2;2;4;1;2;2;2;0;0
79;495880;4147188;8;3;2;99321;993;18088A00800004;8;4;4;0;0;;;;;;;;;;;1,04;;;;;;1978440;1,97844;48,86;58,57;12,04;113,49;76,46;12,04;145,34;957,3;952,83;931,66;961,79;946,27;905,91;965,74;;;8;335,18;55,3;351,23;7229,6;9550,49;2;2;4;1;3;2;2;0;0
81;495750;4146847;9;3;3;99321;993;18091A00300013;3;13;3;0;0;;5;1,8;;1,5;;;;;;;;;;;;2935040;2,93504;19,68;26,42;0,5;97,56;28,97;0,47;123,02;1018,83;1016,91;1008;1019,95;1015,01;981,61;1020,34;;;2;61,64;47,92;639,26;7324,62;9604,46;1;2;4;1;2;2;2;0;0
82;495798;4146680;9;3;3;99321;993;18091A00300014;3;14;3;0;0;;5;2,1;1,6;1,1;3,36;3,69;;;;;;;;;;3665810;3,66581;2,62;1,91;0,72;2,71;1,93;0,19;6,75;1022,59;1022,48;1021,97;1022,94;1022,42;1021,6;1023,3;;;8;313;86,46;710,61;7444,76;9525,96;1;2;4;5;3;2;2;0;0
83;495835;4146845;9;3;2;99321;993;18088A00800006;8;6;7;0;0;2;3;2,1;1,5;1,15;3,15;3,62;;;1,6;1,5;1,1;2,4;2,64;;;3590800;3,5908;10,95;24,6;2,79;66,09;31,86;1,11;111,18;1020,46;1018,33;1009,49;1020,8;1014,99;989,92;1021,26;4;130;7;290,65;34,01;572,19;7401,22;9520,72;1;2;4;1;2;2;2;0;0
84;495836;4146859;9;3;2;99321;993;18088A00800006;8;6;10;2;1;1;1;3,2;2,4;1,95;7,68;14,97;;;3,14;;1,36;;;1;0,75;3650430;3,65043;21,65;34,23;2,84;74,12;42,83;2,17;111,18;1020,03;1016,48;1003,25;1020,65;1012,52;987,37;1021,19;3;74;1;342,98;41,07;562,67;7395,78;9522,51;1;2;4;1;1;2;2;0;0
85;496129;4146894;9;3;2;99321;993;18088A00800007;8;7;8;1;0;1;1;3,5;2,2;1,6;7,7;12,32;;;3,33;2,3;1,3;7,65;9,95;;;1599520;1,59952;18,4;31,89;11,1;86,46;39,06;3,75;104,04;965,18;962,56;950,86;969,6;961,19;937,78;974,77;3;76;1;6,96;65,36;322,77;7614,22;9242,77;2;2;4;1;1;2;2;0;0
86;496246;4146816;9;3;2;99321;993;18088A00800007;8;7;5;0;1;1;5;1,85;1,5;1,75;2,77;4,85;;;2,1;1,25;1,68;2,62;4,41;;;1682470;1,68247;18,09;30,28;17,59;42,32;38,22;7,32;69,82;969,51;967,39;960,86;975,93;966,9;950,23;985,07;3;79;1;7,3;61,16;298,61;7751,4;9112,23;2;2;4;1;2;2;2;0;0
88;495951;4146212;10;4;3;99321;993;18091A00300017;3;17;5;0;0;;;2,75;;1,6;;;;;;;;;;;;4087820;4,08782;1,97;1,97;1,63;2,41;1,91;1,07;2,43;1030,4;1029,88;1029,27;1030,4;1029,85;1028,98;1030,71;;;8;304,6;507,55;953,46;7808,1;9301,39;1;2;4;5;3;3;2;0;0
89;496038;4146225;10;4;3;99321;993;18091A00300017;3;17;8;0;1;1;5;1,45;1,55;1,6;2,24;3,59;;;1,2;1,5;1;1,8;1,8;;;4482240;4,48224;1,86;1,78;1,26;2,26;1,76;1,26;2,26;1030,76;1030,58;1029,95;1031,45;1030,52;1029,49;1031,53;4;126;7;281,03;490,92;877,93;7876,48;9216,94;1;2;4;5;3;3;2;0;0
90;495994;4146193;10;4;3;99321;993;18091A00300017;3;17;;0;0;;;1,7;;0,7;;;;;;;;;;;;3861280;3,86128;1,73;1,75;1,45;1,94;1,82;1,45;2,18;1030,77;1030,47;1029,95;1031,03;1030,49;1029,59;1031,53;;;8;334,82;520,36;931,3;7854,78;9256,24;1;2;4;5;3;3;2;0;0
91;496119;4146072;10;4;3;99321;993;18091A00400001;4;1;;0;0;;5;1,65;1,9;1,55;3,13;4,85;;;;;;;;;;4642450;4,64245;2,08;2,14;1,77;2,52;2;1,21;2,68;1034,36;1033,57;1032,91;1034,37;1033,68;1032,5;1035,32;;;5;193,7;655,98;873,13;8024,1;9116,9;1;2;4;5;3;3;2;0;0
92;496141;4146097;10;4;3;99321;993;18091A00400001;4;1;;0;0;;2;1,55;1,15;1,35;1,78;2,4;;;;;;;;;;4303370;4,30337;1,76;2,01;1,76;2,37;2,11;1,19;2,83;1034,11;1033,57;1032,97;1034,37;1033,51;1032,5;1035,08;;;6;240,21;638,61;841,34;8030,19;9098,14;1;2;4;5;3;3;2;0;0
93;496135;4146040;10;4;3;99321;993;18091A00400001;4;1;4;0;0;2;5;1,8;1,65;1,75;2,97;5,19;;;;;;;;;;3908000;3,908;2,16;2,04;1,3;2,6;2,04;1,3;2,69;1035,32;1034,3;1033,64;1035,32;1034,27;1033,24;1035,53;;;7;263,65;671,55;877,06;8054,3;9097,19;1;2;4;5;3;3;2;0;0
94;496181;4146065;10;4;3;99321;993;18091A00400001;4;1;;0;0;;3;1,9;1,8;0,9;3,42;3,07;;;;;;;;;;4773790;4,77379;2,66;2,55;2,08;2,83;2,39;1,73;3,14;1035,47;1034,64;1034;1035,53;1034,56;1033,58;1035,78;;;7;253,64;620,26;824,96;8080,92;9054,51;1;2;4;5;3;3;2;0;0
95;496170;4146034;10;4;3;99321;993;18091A00400001;4;1;;0;0;;5;1,8;;0,8;;;;;;;;;;;;4452290;4,45229;2,29;2,14;1,38;2,69;2,08;1,3;2,71;1035,34;1034,84;1034,04;1035,53;1034,87;1033,74;1036,23;;;7;258,29;642,79;851,77;8087,38;9061,73;1;2;4;5;3;3;2;0;0
96;496193;4146001;10;4;3;99321;993;18091A00400001;4;1;;0;0;;5;1,6;1,3;0,8;2,08;1,66;;;;;;;;;;4591960;4,59196;1,7;1,76;1,33;2,12;1,84;1,32;2,62;1035,56;1035,53;1034,99;1036,23;1035,55;1034,53;1036,67;;;7;281,74;639,93;853,28;8124,11;9035,06;1;2;4;5;3;3;2;0;0
97;496322;4145964;10;4;3;99321;993;18091A00400002;4;2;8;0;1;1;1;4,2;2,15;1,85;9,03;16,7;;;3,9;2,2;1;8,58;8,58;;;4240260;4,24026;1,53;1,93;1,27;2,92;2,16;1,27;3,67;1038,11;1037,7;1037,12;1038,44;1037,58;1036,48;1039,06;2;47;8;312,49;547,56;771,35;8253,75;8902,7;1;2;4;5;2;3;2;0;0
98;496346;4145945;10;4;3;99321;993;18091A00400002;4;2;7;0;0;1;1;4,1;2,4;2;9,84;19,68;;;;3,36;0,84;;;;;4011580;4,01158;1,93;2,02;1,4;2,92;2,16;1,27;3,67;1039,06;1038,2;1037,69;1039,06;1038,11;1037,15;1039,22;3;101;8;298,79;538,9;763,01;8284,1;8876,74;1;2;4;5;3;3;2;0;0
99;496365;4145859;10;4;3;99321;993;18091A00400002;4;2;;0;0;;5;1,5;1,4;1,2;2,1;2,52;;;;;;;;;;4033270;4,03327;2,36;2,01;1,21;2,64;1,89;1,19;2,65;1039,82;1039,25;1038,74;1039,82;1039,28;1038,25;1040,11;;;8;296,28;583,89;781,89;8344,79;8848,77;1;2;4;5;3;3;2;0;0
100;496582;4145704;10;4;3;99322;993;18091A00400003;4;3;8;0;1;1;2;1,45;1,1;1,25;1,59;1,99;;;1,5;1,2;1,2;1,8;2,16;0,55;0,6;2473890;2,47389;2,22;2,21;1,75;2,62;2,12;1,28;2,74;1043,67;1043,61;1042,94;1044,24;1043,57;1042,46;1044,65;2;52;1;342,13;421,38;610,51;8610,77;8618,28;1;2;4;5;2;3;2;0;0
102;496872;4147747;11;5;2;99322;993;18088A00800045;8;45;5;0;1;2;2;2;1,15;1,1;2,3;2,53;;;1,8;1,25;1;2,25;2,25;1,2;0,6;4112790;4,11279;9,47;21,3;1,04;57,98;26,92;1,04;61,5;1015,45;1013,17;1005,39;1015,69;1010,04;993,79;1015,95;4;140;7;283,64;113,15;782,95;7590,1;8749,98;1;1;4;4;2;3;2;0;0
103;496882;4147422;11;5;2;99322;993;18091A06500002;65;2;;0;1;;;;;;;;;;;;;;;;;4176520;4,17652;31,47;30,64;1,02;60,61;33,92;1,02;68,62;1020,41;1018,07;1005,72;1022,35;1015,29;991,98;1022,8;4;155;6;231,04;74,31;549,69;7802,12;8642,64;1;1;4;4;2;3;2;1;0
106;497277;4146815;11;5;2;99322;993;18091A06500005;65;5;7;0;1;;4;;;;;;1,5;0,6;1,3;1,35;;1,75;;1;0,45;3822660;3,82266;8,61;16,29;0,46;58,5;22,74;0,11;118,81;1035,34;1033,59;1025,07;1035,55;1031,68;1006,46;1035,61;3;110;7;272,83;116,15;455,33;8496,99;8105,14;1;1;2;5;3;3;2;1;0
108;497974;4145172;12;5;2;99322;993;18091A06500017;65;17;5;0;1;1;5;1,4;1,15;0,95;1,61;1,52;;;1,4;0,9;0,8;1,26;1;0,9;0,5;2043880;2,04388;3,69;16;0,46;86,42;29,79;0,46;153,44;1063,28;1062,1;1052,19;1063,57;1058,19;1005,15;1064,01;4;134;8;304,4;204,92;343,93;10079,53;7197,65;1;1;4;1;2;3;2;0;0
109;497983;4145159;12;5;2;99322;993;18091A06500022;65;22;5;0;1;1;5;1,6;1,45;1,1;2,32;2,55;;;1,5;1,2;1,1;1,8;1,98;0,7;0,45;2100190;2,10019;4,25;15,36;0,57;60,77;28,65;0,46;154,01;1063,26;1061,99;1052,13;1064,01;1058,14;1005,15;1064,28;4;118;8;296,7;211,19;348,73;10093,81;7188,29;1;1;4;1;3;3;2;0;0
110;497988;4145149;12;5;2;99322;993;18091A06500022;65;22;5;0;1;1;4;1,4;1,6;1,1;2,24;2,46;;;1,3;1,5;1;1,95;1,95;1,2;0,6;2174890;2,17489;13,3;24,01;2,47;106,25;40,06;0,46;159,77;1063,41;1060,44;1044,34;1064,14;1055,02;1000,77;1064,34;3;93;6;235,87;214,77;345,31;10103,14;7183,03;1;1;4;1;3;3;2;0;0
111;497994;4145142;12;5;2;99322;993;18091A06500022;65;22;7;0;1;1;5;;;;;;;;2;1,5;1,15;3;3,45;0,9;0,66;2574600;2,5746;5,67;26,53;2,42;120,23;42,07;1,53;156,69;1064,01;1060,36;1043,89;1064,28;1054,62;1002,17;1064,55;3;112;6;246,97;220,08;345,97;10111,83;7176,86;1;1;4;1;2;3;2;0;0
112;498013;4145133;12;5;2;99322;993;18091A06500022;65;22;4;0;1;1;2;1,6;1,1;1;1,76;1,76;;;1,6;1,2;0,9;1,92;1,72;1,2;0,55;2049150;2,04915;3,31;18,21;2,4;86,28;32,96;1,89;153,09;1064,05;1062,63;1051,83;1064,55;1058,19;1010,65;1064,9;4;124;7;286,25;238,54;356,11;10132,79;7157,65;1;1;4;6;2;3;2;0;0
113;498034;4145113;12;5;2;99322;993;18091A06500023;65;23;5;0;1;1;5;1,8;1,7;0,9;3,06;2,75;;;1,8;1;0,7;1,8;1,26;1,1;0,45;2182770;2,18277;14,34;22,57;2,42;87,75;34,52;1,79;144,25;1064,66;1062,97;1049,32;1065,28;1058,94;1012,66;1065,73;4;125;8;317,74;259,67;363,2;10160,98;7136,22;1;1;4;6;2;3;2;0;0
116;498163;4144917;12;5;2;99332;993;18091A06500052;65;52;5;0;1;1;2;1,8;1,25;1,1;2,25;2,47;;;1,35;1,1;1;1,48;1,48;1;0,5;4110120;4,11012;6,58;32,23;0,71;94;41,25;0,71;128,46;1069,75;1066,25;1048,68;1070,59;1062,24;1018,32;1071;5;175;6;241,57;238,48;425,65;10371,27;7005,92;1;1;4;6;2;3;2;0;0
117;498189;4144882;12;5;2;99332;993;18091A06500052;65;52;2;0;1;;5;1,95;1,5;1;2,92;2,92;;;;;;;;;;3901070;3,90107;4,9;24,35;0,71;101,65;32,6;0,71;110,78;1071;1068,99;1057,25;1071,39;1065,54;1029,58;1071,79;5;159;1;344,82;251,54;425,62;10411,48;6980,26;1;1;4;1;3;3;2;0;0
118;498211;4144833;12;5;2;99332;993;18091A06500049;65;49;5;0;1;1;5;1,65;1,5;0,95;2,47;2,35;;;1,25;1,65;0,6;2,06;1,23;1,6;0,6;4395920;4,39592;15,83;29,68;1,4;78,26;32,71;0,39;93,7;1071,79;1068,88;1055,02;1072,42;1065,78;1039,23;1072,99;4;146;6;236,12;256,8;414,44;10455,45;6959,03;1;1;4;1;2;3;2;0;0
124;497421;4144957;13;6;2;99322;993;18088A00800104;8;104;8;0;0;2;1;4;2,25;1,8;9;16,2;;;;;;;;;;841986;0,841986;25,03;25,93;16,15;33,49;27,12;5,13;45,32;961,75;961,01;954,2;968,7;960,97;947,95;975,46;3;81;3;73,12;200,61;192,1;9718,31;7747,74;2;2;4;1;2;2;2;0;0
125;497413;4144809;13;6;2;99322;993;18088A00800104;8;104;6;0;1;2;2;1,25;0,75;0,9;0,93;0,84;;;1,1;0,79;0,76;0,86;0,66;0,8;0,44;902495;0,902495;52,3;49,43;38,35;61,76;49,8;32,84;61,76;989,96;988,14;971,11;1002,9;988,79;963,7;1015,34;5;160;3;80,84;219,06;250,97;9792,22;7757,35;2;2;4;1;2;2;2;0;0
126;497451;4144755;13;6;2;99322;993;18088A00800104;8;104;3;0;0;;;;;;;;;;;;;;;;;967875;0,967875;49,83;42,99;26,92;57,18;45,1;26,92;57,44;991,19;988,75;975,09;999,01;987,2;967,33;1006,31;2;30;2;41,92;157,49;210,09;9853,69;7720,66;2;2;4;1;2;2;2;0;0
127;497450;4144756;13;6;2;99322;993;18088A00800104;8;104;3;0;0;;;;;;;;;;;;;;;;;972044;0,972044;53,55;43,14;26,92;57,18;45,14;26,92;57,44;991,19;988,68;975,09;999,01;987,31;967,33;1006,31;4;146;2;41,92;158,85;211,02;9852,31;7721,63;2;2;4;1;3;2;2;0;0
128;497461;4144723;13;6;2;99322;993;18088A00800104;8;104;2;0;0;;2;1,45;1,2;0,95;1,74;1,65;;;;;;;;;;903374;0,903374;45,79;42,99;26,92;53,47;44,3;26,92;61,78;991,2;989,45;978,7;1000,62;987,47;968,56;1007,96;2;65;3;99;134,9;204,75;9879,73;7711,61;2;2;4;1;2;2;2;0;0
129;497416;4144670;13;6;2;99322;993;18088A00800104;8;104;4;0;1;2;5;1,85;1,35;1,45;2,49;3,62;;;1,6;1,35;1,46;2,16;3,15;;;932022;0,932022;47,21;48,37;32,77;66,78;48,41;24,97;76,52;1012,14;1009,02;994,85;1022,75;1008,84;987,3;1032,22;5;179;3;88,46;171,95;263,7;9871,87;7758,44;2;2;4;1;2;2;2;0;0
130;497401;4144704;13;6;2;99322;993;18088A00800104;8;104;7;0;1;2;2;2;1,1;1,9;2,2;4,18;;;1,5;1,15;1,35;1,72;2,32;1,35;0,58;979702;0,979702;31,42;37,43;24,97;54,32;43,6;24,97;64,18;1013,62;1012,23;1000,74;1021,93;1011,67;991,56;1030,41;4;122;3;84,61;188,75;267,52;9840,43;7772,2;2;2;4;1;2;2;2;0;0
131;497484;4144631;13;6;2;99322;993;18088A00800104;8;104;9;1;1;1;1;3,3;1,9;1,7;6,27;10,65;;;0,82;2;1,6;1,64;2,62;;;628044;0,628044;29,01;34,88;26,64;52,96;41,66;26,64;69,48;983;983,08;974,37;994,41;983,77;967,77;1004,87;5;166;3;93,37;96,63;208,85;9950,05;7692,09;2;2;4;1;1;2;2;0;0
132;498172;4144756;15;6;2;99332;993;18088A00800106;8;106;4;0;1;2;5;1,7;;1,4;;;;;1,8;1,45;1,2;2,61;3,13;2,6;0,45;983570;0,98357;33,84;37,17;6,9;70,59;44,18;6,9;75,75;1038,25;1037,6;1026,02;1046,98;1037,51;1016,53;1061,07;4;151;7;268,98;210,37;340,54;10461,83;6999,93;2;1;4;1;2;3;2;0;0
133;498168;4144742;15;6;2;99332;993;18088A00800106;8;106;5;1;1;1;5;1,65;1,65;0,9;2,72;2,45;;;1,6;0,9;0,9;1,44;1,29;1,2;0,4;960345;0,960345;18,68;36,26;6,9;70,59;40,21;6,9;70,59;1038,56;1035,55;1023,59;1043,67;1034,6;1014,97;1054,12;5;158;7;282,71;210,62;330,52;10465,71;7004,36;2;1;4;1;2;3;2;0;0
134;498179;4144686;15;6;2;99332;993;18088A00800106;8;106;6;3;1;2;1;3,85;2,6;2,2;10,01;22,02;;;3,5;2,2;1,8;7,7;13,86;0,6;0,6;889943;0,889943;29,29;36,34;12,7;58,54;40,05;6,9;85,48;1036,12;1032,34;1020,85;1041,63;1031,95;1015,12;1055,82;4;141;6;212,94;231,96;319,98;10504,37;6995,4;2;1;4;1;1;2;2;0;0
135;498107;4144643;15;6;2;99322;993;18088A00800106;8;106;5;0;1;2;5;1,5;1;1;1,5;1,5;;;1,3;1,2;0,9;1,56;1,4;0,9;0,35;665180;0,66518;27,09;21,38;5,73;48,04;25,87;3,94;61,84;1016,25;1013,73;1008,31;1017,78;1011,52;999,16;1019,43;4;147;4;153,85;198,78;239,51;10465,89;7069,18;2;1;4;1;2;2;2;0;0
136;497966;4144599;14;6;2;99322;993;18088A00800107;8;107;3;0;0;2;;;;;;;;;;;;;;;;912539;0,912539;21,59;21,77;0,66;67,61;31,23;0,51;90,4;989,19;987,13;981,32;992,82;984,03;963,52;992,82;;;2;54;97,61;93,53;10370,34;7212,15;2;1;4;7;2;2;2;0;0
137;498136;4144574;14;6;2;99322;993;18088A00800107;8;107;5;0;1;1;5;1,6;1,3;1,35;2,08;2,8;;;1,6;1,2;1,35;1,92;2,59;0,9;0,6;600477;0,600477;17,9;19,74;8,92;31,86;21,08;8,1;35,7;1009,15;1007,01;998,98;1011,82;1006,8;994,84;1018,02;5;172;7;275,58;261,73;264,11;10527,18;7043,73;2;1;4;1;2;2;2;0;0
138;498124;4144499;14;6;2;99322;993;18088A00800107;8;107;5;0;1;1;5;1,7;1,35;1,35;2,29;3,09;;;1,6;1;1,25;1,6;2;1,25;0,45;654709;0,654709;12,5;15,42;8,02;25,08;16,46;8,02;29,94;1004,11;1002,96;997,82;1006,88;1002,85;993,76;1010,45;4;139;8;301,61;245,63;248,32;10557,32;7060,29;2;1;4;1;2;2;2;0;0
139;498115;4144490;14;6;2;99322;993;18088A00800107;8;107;5;0;1;1;;;;;;;;;1;1,5;0,75;1,5;1,12;0,7;0,45;693726;0,693726;13,51;14,56;8,02;24,86;16,41;7,94;38,16;1003,64;1001,79;996,66;1005,2;1001,69;993,09;1008,4;4;124;7;255,48;233,51;236,01;10554,61;7069,87;2;1;4;1;2;2;2;0;0
140;498076;4144449;14;6;2;99322;993;18088A00800107;8;107;5;0;1;2;;;;;;;;;1,5;1,4;;2,1;;0,8;0,5;767844;0,767844;23,09;21,92;3,23;39,38;20,27;2,23;41,86;1000,33;998,32;989,78;1002,57;997,06;985,68;1004,87;2;35;7;289,07;180,7;181,64;10544,12;7111,65;2;1;4;7;2;2;2;0;0
141;498064;4144340;14;6;2;99322;993;18088A00800107;8;107;5;0;1;2;;;;;;;;;2,7;1,9;1,7;5,13;8,72;;;691668;0,691668;19,62;24,05;9,97;56,63;25,64;8,23;77,19;1000,13;997,41;988,53;1003,47;996,42;981,56;1007,84;5;161;5;200,84;93,07;100,26;10593,93;7132,38;2;1;4;1;2;2;2;0;0
143;498228;4144269;14;6;2;99332;993;18088A00800107;8;107;1;0;0;;5;1,65;1,4;1,15;2,31;2,65;;;;;;;;;;915201;0,915201;27,25;35,42;18,13;82,97;47,17;18,13;97,22;1055,58;1055,41;1043,58;1064,1;1054,65;1032,02;1081,74;5;165;8;302,68;175,72;172,79;10769,88;6975,78;2;1;4;1;3;2;2;0;0
145;497301;4144689;16;7;3;99322;993;18091A00400006;4;6;;0;0;;5;1,7;1,85;1,7;3,14;5,34;;;;;;;;;;2567040;2,56704;18,88;27,95;1,22;80,05;31,34;1,2;88,68;1066,37;1063,28;1048,07;1067,07;1060,17;1032,91;1067,41;;;2;40,75;287,06;368,31;9766,07;7872,66;1;2;4;1;3;2;2;0;0
146;497305;4144674;16;7;3;99322;993;18091A00400006;4;6;5;0;0;1;5;1,35;1,2;0,65;1,62;1,05;;;2,1;1,25;1,5;2,62;3,93;;;2602060;2,60206;19,35;27,7;1,2;77,93;31,68;1,2;90,15;1066,62;1063,51;1046,96;1067,41;1060,22;1031,85;1067,82;4;137;2;58,81;278,2;367,97;9777,83;7869,21;1;2;4;1;2;2;2;0;0
148;497449;4144481;16;7;3;99322;993;18091A00400009;4;9;2;0;1;;;;;;;;;;;;;;;;;3011550;3,01155;27,28;42,08;1,97;104,07;45,15;0,97;114,58;1071,85;1068,27;1051,65;1072,5;1064,05;1025,62;1072,58;4;131;2;41,99;159,47;321,66;10005,98;7735,04;1;2;4;1;3;2;2;0;0
149;497459;4144470;16;7;3;99322;993;18091A00400009;4;9;7;0;1;1;5;1,7;2;0,95;3,4;3,23;;;1,6;1,3;0,8;2,08;1,66;1,5;0,5;2973110;2,97311;28,63;43,46;0,97;104,07;44,37;0,69;114,58;1072,09;1068,7;1054;1072,5;1064,62;1023,48;1073,08;4;120;2;37,03;157,03;321,31;10020,47;7725,76;1;2;4;1;2;2;2;0;0
150;497484;4144447;16;7;3;99322;993;18091A00400009;4;9;7;0;1;2;5;1,35;1,4;1,15;1,89;2,17;;;1;1,5;1,1;1,5;1,65;0,9;0,4;2051300;2,0513;60,67;41,5;0,69;104,07;43,84;0,69;119,06;1071,88;1068,56;1050,78;1073,08;1065,88;1023,22;1073,53;3;106;2;32,04;159,91;318,95;10054,13;7702,33;1;2;4;1;2;2;2;0;0
151;497284;4144284;16;7;3;99322;993;18091A00400009;4;9;;0;0;;1;4,1;2,6;2;10,66;21,32;;;;;;;;;;3511370;3,51137;3,09;3,13;2,36;3,9;2,83;1,91;3,9;1075,23;1074,05;1073,26;1075,23;1073,93;1072,72;1075,23;;;8;306,55;412,41;575,82;9986,36;7914,29;1;2;4;5;3;3;2;0;0
152;497228;4144228;16;7;3;99322;993;18091A00500013;5;13;;0;0;;5;1,5;1,5;1;2,25;2,25;;;;;;;;;;2648820;2,64882;2,06;2,32;1,18;3,39;2,48;1,18;4,17;1074,17;1073,93;1073,18;1074,58;1073,76;1072,4;1074,96;4;117;7;283,07;476,22;654,98;9974,7;7975,08;1;2;4;5;3;3;2;0;0
153;497487;4144353;16;7;3;99322;993;18091A00400009;4;9;3;0;0;;5;1,6;1,4;1,2;2,24;2,68;;;;;;;;;;1962120;1,96212;1,64;1,88;1,22;2,88;2,04;1,09;3,89;1074,58;1074,28;1073,5;1075,03;1074,19;1072,94;1075,51;4;115;8;307,98;243,92;381,75;10110,63;7706,26;1;2;4;5;3;2;2;0;0
154;497636;4144010;16;7;3;99322;993;18091A00400012;4;12;;0;0;;3;1,9;1,8;0,9;3,42;3,07;;;;;;;;;;2416700;2,4167;2,65;2,65;2,37;2,87;2,64;1,99;2,94;1082,74;1082,58;1081,8;1083,39;1082,57;1081,33;1083,93;;;1;3,43;438,41;435,72;10432,27;7587,16;1;2;4;5;3;2;2;0;0
155;497354;4143846;16;7;3;99322;993;18091A00500018;5;18;6;0;0;1;5;1,7;1,4;1,9;2,38;4,52;;;1,4;0,9;1,1;1,26;1,38;;;2486240;2,48624;2,54;2,51;2,04;3,14;2,51;1,57;3,85;1082,83;1082,06;1081,36;1082,84;1082,02;1080,83;1083,32;3;95;8;310,4;338,9;755;10306,82;7874,76;1;2;4;5;3;3;2;0;0
157;497610;4144362;16;7;3;99322;993;18091A00400011;4;11;2;0;0;;5;1,8;;1,7;;;;;;;;;;;;3048180;3,04818;20,91;35,4;0,72;102,3;42,54;0,72;122,73;1075,8;1072,12;1056,23;1076,34;1068,95;1032,58;1076,78;;;2;27,53;224,73;264;10206,1;7582,94;1;2;4;5;3;2;2;0;0
159;497760;4144254;16;7;3;99322;993;18091A00400012;4;12;2;0;0;;5;1,9;1,85;1,05;3,51;3,69;;;;;;;;;;1904050;1,90405;7,66;7,15;0,56;31,26;21,61;0,56;142,61;1078,85;1078,88;1078,11;1079,61;1078,23;1066,88;1079,99;;;1;16,15;193,22;189,58;10390,92;7443;1;2;4;5;3;2;2;0;0
160;497826;4144208;16;7;3;99322;993;18091A00400012;4;12;2;0;0;;;1,3;;1,2;;;;;;;;;;;;1998610;1,99861;7,23;35,09;1,87;138,84;40,66;1,27;143,05;1080,49;1078,67;1064,4;1080,92;1075,08;1034,12;1081,29;;;1;345,61;164,03;161,37;10471,37;7381,9;1;2;4;5;3;2;2;0;0
162;497906;4143967;16;7;4;99322;993;18087A00200016;2;16;6;0;0;;5;1,9;1,5;0,9;2,85;2,56;;;1,9;1,4;0,7;2,66;1,86;;;2564740;2,56474;1,77;2,26;0,46;4,06;3,77;0,46;43,81;1085,88;1085,76;1085,01;1086,39;1085,72;1084,14;1086,73;4;135;8;309,4;205,84;204,91;10675,9;7318,49;1;2;4;5;2;2;2;0;0
163;497921;4143971;16;7;4;99322;993;18087A00200016;2;16;5;0;1;1;5;2,1;1,65;1,2;3,46;4,15;;;1,8;1,1;0,9;1,98;1,78;;;3107020;3,10702;2,66;2,44;0,46;4,45;12,27;0,29;88,17;1086,39;1085,8;1085,09;1086,42;1084,99;1074,81;1086,77;4;127;8;332,67;188,82;189,4;10685,76;7303,38;1;2;4;5;2;2;2;0;0
165;493601;4144875;17;7;3;99322;993;18091A00200085;2;85;3;0;0;;2;2;1,35;;2,7;;;;;;;;;;;199129;0,199129;41,26;61,24;12,17;119,32;58,26;4,92;119,32;1010,78;1001,16;986,11;1011,55;995,71;978,21;1012,54;;;7;286,08;43,56;3550,33;6882,77;11568,1;2;2;4;4;3;2;2;0;0
166;493776;4144684;17;7;3;99322;993;18091A00200085;2;85;6;0;0;2;;;;;;;;;1,9;1,5;0,9;2,85;2,56;;;2756520;2,75652;14;26,69;0,4;68,41;26,15;0,2;94,76;1017,88;1015,98;1005,73;1018,57;1013,21;993,95;1018,88;4;132;8;344,36;47,66;3550,88;7141,44;11396,26;2;2;4;4;2;2;2;0;0
169;497919;4143529;18;8;4;99322;993;18087A00200698;2;698;;0;0;;4;;;;;;;;;;;;;;;3897090;3,89709;20,63;26,66;0,26;87,18;30,03;0,26;93,46;1095,17;1092,46;1079,72;1095,42;1089,69;1064,36;1095,86;;;4;140,24;80,95;214,51;10947,59;7332,61;1;2;4;5;3;2;2;0;0
170;497922;4143298;18;8;4;99322;993;18087A00200017;2;17;3;0;0;2;5;;;;;;;;;;;;;;;3392750;3,39275;2,49;7,28;0,28;47,7;14,79;0,25;61,83;1099,68;1099,08;1094,26;1100,02;1097,7;1084,59;1100,1;;;1;351,76;89,17;218,56;11092,14;7354,4;1;2;4;2;2;3;2;0;0
185;498278;4143946;19;9;4;99332;993;18087A00200710;2;10;2;0;0;;;;;;;;;;;;;;;;;3371250;3,37125;23,81;28,39;1,48;76,64;33,82;1,03;101,59;1087,56;1084,63;1072,25;1088,67;1081,43;1055,37;1089,06;;;6;229,43;94,51;156,59;10992,08;6947,43;1;1;2;2;3;2;2;0;0
186;498336;4143638;19;9;4;99332;993;18087A00200736;2;36;7;2;1;2;1;;;;;;;;3,9;3;1,1;11,7;12,87;2,3;1,15;2855820;2,85582;2,81;18,5;1,67;60,91;24,25;0,9;78,76;1093,62;1091,53;1080,03;1094,46;1089,12;1061,16;1095,27;5;168;6;240,82;38,24;182;11217,1;6907,73;1;1;2;5;1;3;2;0;0
187;498496;4143089;19;9;4;99332;993;18087A00200689;2;689;6;0;0;2;3;1,6;1,75;1,2;2,8;3,36;;;;;;;;;;3180220;3,18022;3,57;11,33;1,34;41,74;17,18;1,34;65,43;1106,26;1105,11;1099,99;1107,22;1103,73;1088,72;1107,81;3;90;8;323,17;102,02;208,06;11673,21;6816,07;1;1;2;5;3;3;2;0;0
191;499926;4137929;20;10;4;99333;993;18087A01400222;14;222;3;0;0;1;5;1,7;1,4;;2,38;;;;;;;;;;;3212710;3,21271;4,68;9,27;0,84;22,25;11,27;0,28;28,67;1242,26;1242,52;1239,16;1246,5;1242,56;1236,57;1251,64;2;52;1;17,96;258,94;736,94;16271,74;6025,53;1;1;3;4;2;3;2;0;0
193;505859;4142475;21;11;5;99342;993;18087A00700035;7;35;3;0;0;2;5;;;;;;;;;;;;;;;2538850;2,53885;13,08;35,12;4,82;102,91;39,4;3,21;125,28;1181,86;1178,14;1156,83;1183,8;1174,59;1141,19;1184,57;;;2;46,25;57,69;6587,09;17970,56;274,3;1;1;3;9;3;3;2;0;0
194;505838;4142487;21;11;5;99342;993;18087A00700035;7;35;7;0;1;2;1;1,8;1,65;;2,97;;;;1,8;1,7;;3,06;;;;3548460;3,54846;7,48;24,8;4,05;122,91;34,8;3,28;135,51;1182,2;1179,88;1165,39;1183,5;1175,91;1141,57;1184,14;5;172;1;20,9;63,4;6578,07;17946,43;254,25;1;1;3;9;2;3;2;0;0
195;505829;4142440;21;11;5;99342;993;18087A00700035;7;35;6;0;0;2;3;;;;;;;;;;;;;;;4022600;4,0226;3,43;4,1;3,21;8,28;5,29;3,17;23,93;1183,85;1183,95;1182,92;1184,97;1183,78;1180,91;1185,81;3;99;8;319,57;103,78;6541,87;17965,01;241,59;1;1;3;3;2;3;2;0;0
196;505833;4142445;21;11;5;99342;993;18087A00700035;7;35;2;0;0;2;3;;;;;;;;;;;;;;;3995860;3,99586;3,28;4,67;3,28;12,88;6,14;3,21;41,36;1183,91;1183,78;1182,55;1184,82;1183,51;1174,9;1185,61;;;1;343,34;97,39;6548,1;17965,55;246,13;1;1;3;3;3;3;2;0;0
197;505794;4142403;21;11;5;99342;993;18087A00700035;7;35;3;0;0;;2;;;;;;;;;;;;;;;4170390;4,17039;4,05;3,73;3,09;4,27;3,68;2,99;4,27;1184,99;1184,73;1183,51;1186;1184,71;1182,8;1186,57;;;8;300,28;154,69;6491,49;17956,53;193,09;1;1;3;3;3;3;2;0;0
198;505781;4142398;21;11;5;99342;993;18087A00700035;7;35;3;0;0;2;5;;;;;;;;;;;;;;;4057380;4,05738;3,52;3,62;3,09;4,23;3,66;2,93;4,79;1184,78;1184,69;1183,55;1185,72;1184,69;1182,74;1186,57;4;130;8;305,87;167,19;6478,18;17948,54;179,29;1;1;3;3;3;3;2;0;0
239;498170;4144769;15;6;2;99332;993;18088A00800106;8;106;6;1;1;2;;;;;;;;;1,4;1,4;1,5;1,96;2,94;1,3;0,6;997203;0,997203;36,76;40,59;17,18;63,91;47,18;6,9;83,88;1039,02;1037,35;1023,68;1048,64;1037,77;1013,11;1065,07;5;170;7;248,02;203,71;345,2;10453,37;7001,55;2;1;4;1;2;3;2;0;0
240;496938;4147638;12;5;2;99332;993;18088A00800045;8;45;3;0;0;1;;;;;;;;;;;;;;;;3915470;3,91547;8;16,62;1,82;55,22;19,59;0,55;61,99;1017,81;1015,78;1007,22;1018,47;1013,82;993,96;1018,8;4;136;6;227,46;113,98;763,32;7709,36;8653,17;1;1;4;5;3;3;2;0;0
241;494063;4148217;4;2;2;99321;993;18088A00600031;6;31;3;0;1;;;;;;;;;;;;;;;;;3584660;3,58466;28,97;38,41;1,88;68,28;42,77;1,02;116,54;929,01;924,33;911,05;931,03;922,9;902;935,32;4;128;2;28,46;28,36;606,48;5217,01;11571,41;2;2;4;4;3;2;2;1;0
242;493854;4148302;4;2;2;99321;993;18088A00600033;6;33;2;0;1;;;;;;;;;;;;;;;;;2964760;2,96476;41,47;39,86;2,9;74,18;41,63;2,53;97,11;928,83;924,26;911,08;929,17;919,79;895,59;930,32;3;85;3;99,73;37,12;679,36;4991,38;11795,89;2;2;4;1;3;2;2;1;0
244;497961;4144536;14;6;2;99322;993;18088A00800107;8;107;4;0;1;;;;;;;;;;;;;;;;;458016;0,458016;6,26;22,92;0,96;65,17;29,92;0,51;97,48;989,93;986,97;976,96;992,52;984,15;964,9;992,82;3;90;4;112,97;96,62;99,18;10400,28;7220,63;2;1;4;7;3;2;2;0;0
245;497965;4144552;14;6;2;99322;993;18088A00800107;8;107;5;0;1;1;;;;;;;;;0,8;0,7;0,6;0,56;0,33;;;320526;0,320526;9,59;19,5;0,51;67,62;27,46;0,51;89,57;989,52;987,7;980,13;992,82;984,88;966,58;992,82;3;107;3;90,55;97,28;99,43;10394,94;7215,7;2;1;4;7;2;2;2;0;0
250;494106;4148170;4;2;2;99321;993;18088A00600036;6;36;2;0;0;;;;;;;;;;;;;;;;;3721040;3,72104;22,13;63,35;13,8;110,11;58;9,97;110,11;932,9;928,46;907,4;942,45;925,94;893,3;945,38;;;2;44,5;26,54;626,49;5274,7;11516,99;2;2;4;1;3;2;2;1;0
251;493505;4148095;5;2;3;99321;993;18091A00300001;3;1;2;0;0;;;;;;;;;;;;;;;;;3928330;3,92833;6,32;24,57;1,03;61,11;23,82;1,03;61,11;988,08;987,51;982,58;988,42;984,91;971,93;988,58;;;8;306,89;124,92;1079,58;4758,13;12075,8;1;2;4;4;3;2;2;0;0
252;493529;4148104;5;2;2;99321;993;18088A00600026;6;26;1;0;0;;;;;;;;;;;;;;;;;5855960;5,85596;35,22;29,53;1,03;44,03;29,96;1,03;52,27;987,82;984,81;970,48;988,53;982,42;959,51;988,67;;;2;29,87;100,75;1055,18;4775,72;12054,96;1;2;4;4;3;2;2;0;0
256;490444;4151509;2;1;1;97114;971;18191A00700026;7;26;;1;0;;;;;;;;;;;;;;;;;3016920;3,01692;4,29;5,02;0,24;13,26;5,96;0,24;18,11;790,55;790,08;787,39;791,06;789,51;785,48;791,06;;;2;64,3;162,06;859,88;551,77;16112,45;1;2;1;2;2;2;1;0;0
262;505673;4142634;21;11;4;99342;993;18087A00700031;7;31;3;0;0;;;;;;;;;;;;;;;;;3459980;3,45998;5,88;22,43;3,83;85,41;37,87;3,18;109,58;1174,61;1173,32;1163,95;1176,07;1169,17;1146,08;1176,66;;;8;299,65;94,06;6543,92;17727,67;105,57;1;1;3;3;2;3;2;0;0
301;490218;4151652;1;1;1;97114;971;18191A00700023;7;23;2;0;0;;;;;;;;;;;;;;;;;2419910;2,41991;4,92;6,43;2,36;14,87;14,69;0,91;70;742,12;742,32;741,04;744,97;742,45;731,46;750,24;3;90;7;264,02;292,03;914,59;313,89;16377,09;1;2;4;1;3;3;1;0;0
302;490377;4151570;2;1;1;97114;971;18191A00700026;7;26;2;1;0;;;;;;;;;;;;;;;;;3545300;3,5453;5,53;5,92;3,03;9,16;6,51;2,22;13,43;787,96;788,05;785,99;789,61;787,67;784,11;790,08;;;8;331,37;194,47;854,77;474,51;16198,47;1;2;1;2;3;2;1;0;0
303;497619;4145188;13;6;2;99322;993;18088A00800105;8;105;3;0;0;;;;;;;;;;;;;;;;;448698;0,448698;39,4;36,45;1,03;79,21;42,51;1,03;91,89;918,54;912,89;902,29;921,05;909,66;892,19;921,11;;;1;19,48;21,45;81,36;9765,17;7552,96;2;1;4;8;2;3;2;0;0
304;497675;4145141;13;6;2;99322;993;18088A00800105;8;105;2;0;0;;;;;;;;;;;;;;;;;372774;0,372774;23,96;28,21;6,67;50,29;33,46;6,67;79,34;914,61;912,63;902,51;918,92;912,85;890,37;924,28;;;7;257,05;11,16;62,87;9837,36;7495,75;2;1;4;8;3;3;2;0;0
305;497693;4145144;13;6;2;99322;993;18088A00800105;8;105;3;0;0;;;;;;;;;;1,2;2,8;;3,36;;;;428387;0,428387;25,27;23,38;9,03;41,13;26,71;6,67;63,09;916,78;915,91;906,8;923,37;916,55;899,62;925,43;;;7;255,32;10,17;79,05;9851,26;7477,82;2;1;4;8;2;3;2;0;0
