Id;Coor_X;Coor_Y;Class;Viewshed_M;Viewshed_Km;Slope;Slope_Av30;Slope_Min30;Slope_Max30;Slope_Av50;Slope_Av50;Slope_Max50;Height;Height_Av30;Height_Min30;Height_Max30;Height_Av50;Height_Min50;Height_Max50;Ori_Terr;Ori_Terr2;Dis_Water;Dis_Gor
1;490528,4;4151535,1;1;1757990;1,75799;12,14;11,22;5,04;19,92;10,92;3,12;22,29;788,03;787,88;784,5;791,36;788,73;779,9;797,24;3;98,45;344,35;787,39
2;493663,47;4148428,54;1;336145;0,336145;37,13;38,51;21,93;56,47;36,85;4,12;74,13;905,99;907,46;894,56;918,11;907,09;872,97;927,6;8;315,7;14,17;766,64
3;495876,74;4146961,05;1;456968;0,456968;14,05;17,74;2,31;39,74;31,28;2,07;103,62;957,44;958,52;955,2;963,32;961,63;927,37;1008,2;2;32,23;78,64;470,79
4;495732,23;4146881,91;1;1498680;1,49868;18,32;27,18;1,65;90,31;34,52;0,5;123,44;1016,4;1015,47;1005,52;1019,09;1010,09;962,44;1020,25;2;38,67;59,03;635,16
5;495832,01;4146730,52;1;2636570;2,63657;9,46;10,65;0,19;30,13;9,74;0,19;30,13;1021,6;1020,55;1015,63;1022,25;1020,86;1013,61;1023,31;7;270,8;28,87;651,25
6;497218,64;4146899,11;1;2162770;2,16277;45,23;38,16;1,79;80,42;41,16;1,58;128,21;1032,16;1028,1;1006,41;1033,6;1020,13;970,47;1034,4;6;243,11;100,15;440,56
7;496152;4146056,12;1;3736030;3,73603;2,52;2,34;1,79;2,69;2,17;1,3;2,78;1034,77;1034,28;1033,59;1035,47;1034,28;1032,62;1036,23;8;319,97;647,31;853,96
8;496165,77;4146042,36;1;4058490;4,05849;2,49;2,31;1,62;2,69;2,13;1,3;2,73;1034,87;1034,7;1033,99;1035,53;1034,64;1033,06;1036,67;8;312,77;642,14;850,38
9;496227,7;4146018,28;1;4798010;4,79801;1,4;1,83;1,32;2,73;2,03;1,32;3,18;1036,58;1036,01;1035,46;1036,67;1035,65;1034,18;1037,35;8;293,46;601,17;815,39
10;496382,53;4145811,83;1;3600420;3,60042;1,24;1,59;0,96;2,44;1,9;0,96;2,64;1040,1;1040,09;1039,52;1040,65;1040,26;1038,67;1041,84;8;317,58;593,28;771,74
11;496558,01;4145786,88;1;1977920;1,97792;3,26;2,85;1,62;3,9;2,38;1,05;3,9;1042,01;1041,88;1040,95;1043;1041,96;1040,05;1043,64;1;16,93;422,1;605,77
12;496081,47;4145183,89;1;3544700;3,5447;2,33;2,28;1,71;3,01;2,36;1,55;3,58;1043,63;1043,52;1043,13;1044,2;1043,2;1041,45;1044,85;8;313,39;495,52;1306,36
13;496043,62;4145061,74;1;1824840;1,82484;2,43;2,47;1,21;3,52;2,61;0,72;3,88;1043,38;1043,19;1042,47;1043,95;1043,54;1041,37;1045,67;1;352,88;382,04;1410,47
14;496308,56;4145092,71;1;3101950;3,10195;2,33;2,2;1,17;3;2,04;1,17;3;1047,98;1047,62;1046,82;1048,34;1047,51;1045,69;1049,63;8;328,08;535,75;1193,11
15;496342,97;4145060,02;1;2959080;2,95908;2,47;2,29;1,17;3,53;2,25;1,17;3,53;1049,63;1048,63;1048,02;1049,63;1048,47;1046,6;1050,37;8;334,84;515,13;1173,05
16;496664,68;4144939,59;1;3115460;3,11546;1,75;1,87;1,11;2,87;2,05;1,11;3,88;1055,22;1054,7;1054;1055,56;1054,78;1053,09;1056,25;8;328;590,91;882,25
17;496857,36;4144910,35;1;3672750;3,67275;1,27;1,48;1,17;2,16;1,75;1,11;3,26;1058,73;1058,1;1057,53;1059,7;1057,97;1056,5;1059,7;8;310,72;661,03;702,5
18;496953,7;4144848,41;1;3080100;3,0801;2,08;1,91;0,78;2,65;1,82;0,78;2,65;1061,08;1060,17;1059,38;1061,63;1060,06;1058,59;1061,68;8;302,19;631,41;634,53
19;496392,86;4144638,53;1;1800720;1,80072;4,05;3,93;3,3;4,81;3,92;2,87;5,18;1055,08;1054,53;1053,34;1055,54;1054,45;1051,27;1057,06;1;345,56;186,04;1232,45
20;496539,09;4144678,1;1;1017890;1,01789;4,1;3,4;1,93;4,44;3,17;1,67;4,81;1055,22;1054,94;1053,65;1056,1;1055,07;1052,43;1057,45;1;319,27;304,63;1082,5
21;496611,35;4144531,86;1;2453000;2,453;4,34;3,82;2,4;4,8;3,48;1,61;4,8;1059,73;1059,27;1058,13;1060,45;1059,48;1056,74;1062,2;6;229,81;210,15;1075,64
22;496697,36;4144499,18;1;2221890;2,22189;3,3;3,34;2,04;4,7;3,19;1,58;5,02;1061,11;1060,85;1059,88;1061,65;1061,26;1058,78;1063,16;8;324,81;227,78;1000,2
23;496759,3;4144645,41;1;2461230;2,46123;2,38;2,67;1,62;3,6;3,03;1,57;4,12;1060,11;1059,28;1058,28;1060,11;1059,75;1057,63;1061,73;1;344,22;386,46;902,18
24;496845,32;4144607,56;1;2427680;2,42768;4,3;3,77;2,58;4,43;3,26;1,48;4,45;1061,95;1061,77;1060,45;1062,97;1061,82;1059,45;1064,26;7;270,79;385,63;831,05
25;496824,67;4144452,73;1;3347390;3,34739;1,32;1,91;1,23;3,62;2,43;1,23;4,6;1064,66;1064,06;1063,48;1065,25;1063,92;1062,12;1065,72;8;308,08;240,71;890,87
26;497067,25;4144774,44;1;2787020;2,78702;1,5;1,72;1,02;2,59;1,89;1,02;2,67;1062,92;1062,56;1062,01;1063,08;1062,43;1061,12;1063,84;8;298,84;529,61;574,34
27;497058,65;4144643,69;1;2492960;2,49296;2,53;2,56;1,87;3;2,42;1,64;3,34;1065,14;1064,13;1063,32;1065,14;1064,09;1062,29;1066,22;8;292,39;512,88;614,79
28;497091,33;4144537,02;1;2752790;2,75279;3,35;3,01;2,27;3,69;2,84;1,48;3,71;1067,12;1066,39;1065,46;1067,2;1066,59;1064,29;1068,37;8;317,19;478,83;611,25
29;497056,93;4144342,62;1;2523710;2,52371;3,44;3,51;2,29;4,85;3,22;1,88;5,08;1069,44;1069,25;1067,96;1070,24;1069,08;1066,13;1071,33;7;256,81;354,62;720,62
30;497020,8;4144254,88;1;2692290;2,69229;2,98;3,14;2,16;4,34;3,06;0,62;4,52;1070,6;1069,91;1068,92;1070,78;1069,83;1067,21;1071,99;2;32,39;289,12;798,27
31;497208,32;4144760,67;1;2222190;2,22219;1,81;1,86;1,55;2,23;1,94;1,18;2,67;1065,15;1064,21;1063,62;1065,15;1064,25;1062,73;1066,13;8;308,25;388,61;452,41
32;497261,65;4144793,36;1;2342180;2,34218;2,25;5,44;1,13;64,31;18,28;1,13;111,75;1064,7;1064,46;1059,44;1065,15;1058,65;1021,11;1065,81;8;309,01;346,3;399,79
33;497550,68;4144775,3;1;567382;0,567382;24,74;23,26;7,81;37,53;23,77;7,24;56,6;945,23;946,32;942,1;955,3;950,81;932,57;980,54;2;58,82;104,38;110,2
34;497402,72;4144715,08;1;978463;0,978463;34,9;38,49;24,97;49,57;41,89;24,97;61,78;1010,49;1009,43;998,61;1019,37;1008,92;977,4;1048,07;3;74,55;188,97;263,38
35;498142,49;4144512,08;1;603364;0,603364;11,4;14,99;8,02;24,72;17,71;8,02;30,43;1005,78;1005,82;1000,63;1010,02;1007;990,73;1027,61;7;270,38;268,1;270,88
36;498145,93;4144259,18;1;729212;0,729212;41,8;42,67;20,97;74,44;44,49;19,79;74,44;1019,11;1020,78;1010,41;1035,2;1021,7;986,22;1060,02;7;287,23;101,22;101,05
37;497437,13;4144517,24;1;1011940;1,01194;74,13;68,21;6,91;108,23;63,17;1,8;114,58;1059,01;1057,56;1031,35;1071,27;1048,01;987,96;1072,5;2;32,1;146,46;307,22
38;497423,37;4144491,43;1;2333850;2,33385;5,55;21,88;1,97;90,51;30,53;1,95;100,94;1071,42;1069,38;1058,64;1071,85;1060,98;1007,2;1072,77;2;64,8;171,19;334,22
39;497444,01;4144462,19;1;2189090;2,18909;3,36;16,39;0,97;93,08;25,88;0,75;104,07;1072,01;1071,5;1065,51;1072,5;1063,92;1011,71;1073,49;8;292,49;173,15;337,75
40;497466,38;4144457,03;1;2499460;2,49946;34,57;38,44;0,75;104,07;38,49;0,69;112,53;1072,26;1068,97;1051,76;1072,79;1060,3;1000,87;1073,77;3;78,54;161,9;324,43
41;497502,51;4144438,1;1;1479820;1,47982;40,12;45,9;0,69;110,61;49,44;0,69;121,15;1070,79;1067,52;1051,79;1073,43;1057,81;998,02;1074,57;3;98,13;159,09;313,26
42;497480,14;4144204,13;1;2920320;2,92032;2,84;2,72;2,04;3,39;2,72;2,04;3,56;1078,12;1077,51;1076,76;1078,23;1077,39;1075,23;1079,43;8;325,37;389,02;455,87
43;497774,33;4144272,95;1;2935590;2,93559;6,91;43,72;0,56;136,46;49,78;0,56;142,61;1078,86;1076,2;1064,22;1079,28;1063,74;1007,28;1080,22;3;79,18;166,79;167,65
44;497708,95;4144109,51;1;2935590;2,93559;2,6;2,55;2,23;2,87;2,51;2,02;2,94;1081,42;1081,04;1080,33;1081,72;1081,08;1079,23;1083,23;8;319,17;316,6;314,01
45;497748,52;4144081,98;1;2587380;2,58738;2,57;2,45;2;2,94;2,48;1,94;3,04;1083,23;1082,22;1081,49;1083,23;1082,11;1080,25;1084,33;8;327,23;309,73;305,26
46;497877,55;4144162,84;1;2209950;2,20995;32,21;51,07;1,72;131,72;47,48;1,37;131,77;1081,4;1078,73;1061,75;1081,93;1067,4;1009,9;1083,16;1;9,57;163,74;156,85
47;497944,64;4144090,58;1;2255070;2,25507;16,04;34,32;3,15;95,77;35,25;1,89;95,77;1082,81;1080,23;1068,53;1083,7;1071,06;1029,52;1085,02;2;46,18;142,67;147,43
48;496912,41;4144021,77;1;3028560;3,02856;2,42;2,63;2,1;3,07;2,89;2,1;4,04;1073,93;1073,28;1072,52;1074,08;1072,68;1070,29;1074,97;8;313,26;120,09;1027,92
49;496853,92;4144227,35;1;2960260;2,96026;2,17;2,44;1,49;4,01;2,52;1,26;4,24;1069,1;1068,61;1068;1069,27;1068,32;1066,36;1070,43;7;282,03;123,38;954,05
50;497029,4;4143979,62;1;2875490;2,87549;2,34;2,17;1,17;2,85;2,18;1,15;3,03;1076,08;1075,31;1074,49;1076,08;1075,21;1073,08;1077,04;1;356,15;225,43;957,21
51;496907,25;4143838,55;1;1229860;1,22986;4,31;4,27;3,09;6,13;4,1;2,33;6,42;1074,7;1074,19;1072,8;1075,48;1074,16;1070,95;1077,1;8;301,03;67,88;1135,42
52;497325,31;4144010,59;1;1796520;1,79652;3,34;2,81;1,65;3,58;2,62;1,41;3,58;1078,28;1077,72;1076,8;1078,66;1077,96;1075,72;1080,2;1;8,72;480,98;687,7
53;497208,32;4143740,49;1;2052750;2,05275;2,78;2,63;2,16;2,89;2,48;2,06;2,89;1082,44;1081,9;1081,3;1083,54;1081,74;1079,83;1083,85;8;306,66;187,36;917,35
54;497230,68;4143730,16;1;2568340;2,56834;2,22;2,46;2,14;2,89;2,52;2,02;3,19;1083,53;1082,39;1081,79;1083,54;1082,27;1080,44;1084,23;8;320,67;185,06;897,37
55;497480,14;4143840,27;1;2568340;2,56834;3,62;3,43;2,2;4,87;3,37;1,48;4,87;1083,38;1083,13;1082,02;1084,13;1083,19;1080,42;1085,57;1;12,68;394,04;633,67
56;497604,01;4143776,61;1;1873060;1,87306;1,79;2,08;1,53;2,94;2,45;1,48;5,12;1086,27;1085,73;1084,69;1086,7;1085,86;1083,63;1088,44;8;301,09;421,48;523,06
57;497543,79;4143733,6;1;2224870;2,22487;3,29;2,83;1,78;3,57;2,44;1,17;3,57;1086,7;1086,13;1085,01;1087,08;1086,13;1083,85;1088,3;3;99,38;348,55;592,77
58;497363,15;4143478,99;1;1161460;1,16146;2,76;2,98;2,31;5,09;3,16;1,72;5,09;1088,18;1087,71;1086,51;1088,76;1088,04;1085,32;1090,52;7;264,8;60,25;751,9
59;497442,29;4143456,62;1;1914390;1,91439;3,24;2,88;1,95;3,59;2,71;1,05;3,59;1090,36;1089,98;1088,83;1090,97;1089,99;1087,51;1092,16;7;285,11;141,55;671,95
60;497636,7;4143509,95;1;2875640;2,87564;2,27;2,27;1,03;3,34;2,17;0,97;3,52;1092,7;1092,38;1091,91;1093,13;1092,17;1090,36;1093,8;2;26,02;330,28;482,48
61;497652,18;4143494,47;1;2895610;2,89561;3,03;2,56;1,13;3,42;2,11;0,23;3,79;1093,13;1092,66;1091,93;1093,32;1092,61;1090,75;1094,28;1;345,45;312,95;465,09
62;497887,87;4145244,96;1;1076240;1,07624;64,26;62,36;0,53;148,32;62,15;0,38;158,13;1058,09;1053,65;1018,16;1062,7;1040,79;974,22;1062,97;6;236,54;165,15;298,16
63;498020,34;4145109,05;1;2354070;2,35407;45,77;47,17;2,42;135,01;53,54;1,79;150,7;1064,32;1059,47;1029,25;1064,97;1045,62;984,14;1066,35;6;218,13;246,25;349,41
64;498051,31;4145084,97;1;2576500;2,5765;31,63;35,62;2,81;108,67;45,94;1,47;141,32;1065,06;1061,99;1046,59;1065,97;1049,54;987,33;1067,2;6;233,61;243,76;365,64
65;498066,79;4145059,16;1;1296040;1,29604;38,71;47,91;2,36;127,6;54,83;1,27;144,59;1063,55;1060,43;1038,42;1066,92;1047,61;986;1067,93;6;227,58;230,81;370,05
66;498197,54;4144845,83;1;2136090;2,13609;43,66;39,66;1,4;90,27;40,49;1,08;110,78;1071,3;1067,76;1052,58;1072,11;1059,29;1013,45;1072,99;6;243,72;246,94;411,12
67;498214,74;4144814,87;1;1847790;1,84779;51,19;37,38;0,39;75,75;34,97;0,39;93,7;1070,68;1067,97;1050,64;1072,93;1061,44;1026,12;1073,54;6;240,53;257,19;407,38
68;498221,63;4144795,94;1;1370280;1,37028;55,09;41,76;0,39;75,75;34;0,39;86;1070,27;1067,35;1049,34;1073,43;1061,7;1027,67;1073,54;6;247,15;261,97;403,37
69;498230,23;4144785,62;1;7031140;7,03114;27,87;34,89;0,39;72,16;31,47;0,39;75,75;1072,99;1069,25;1053,16;1073,54;1062,99;1031,84;1073,79;6;246,96;270,03;405,85
70;498230,23;4144761,53;1;1264820;1,26482;67,56;41,73;1,57;74,47;35,61;0,39;75,75;1069,24;1066,35;1047,93;1073,54;1061,18;1031,02;1074,55;7;255,21;270,35;395,03
71;498238,83;4144732,29;1;1122030;1,12203;56,78;42,7;0,84;74,47;35,28;0,84;76,92;1069,86;1066,23;1045,87;1073,79;1061,36;1032,8;1074,85;7;250,97;282,09;391,55
72;498209,58;4144513,8;1;612368;0,612368;46,7;43,29;19,84;103,2;47,66;14,48;116,61;1021,39;1021,68;1012,55;1034,56;1028,44;1004,47;1077,64;7;274,08;318,08;326,1
73;498417,75;4144163,7;1;335630;0,33563;2,4;2,46;2,08;2,91;2,5;1,67;3,28;1084,09;1084;1083,34;1084,74;1083,83;1081,5;1085,8;2;27,3;322,81;327,9
74;498317,97;4143902,2;1;551619;0,551619;18,27;22,92;0,33;62,02;26,49;0,33;119,23;1087,46;1086,4;1074,58;1090,03;1080,82;1035,6;1090,93;6;233,6;65,3;188,31
75;497932,6;4143888,44;1;2670770;2,67077;2,1;21,41;0,82;75,71;29,52;0,82;103,53;1087,35;1085,39;1075,58;1088,01;1077,78;1038,15;1089,09;3;95,75;187,47;178,66
76;497934,32;4143422,21;1;565430;0,56543;58,32;53,08;28,87;67,58;45,68;1,37;67,58;1079,83;1081,06;1064,82;1094,82;1079,33;1034,89;1098,49;3;74,42;48,68;179,71
77;498680,97;4144235,96;1;3496890;3,49689;3,57;3,38;2,55;3,89;3,17;1,8;4,11;1083,19;1082,43;1081,65;1083,34;1082,04;1080;1084,46;1;340,46;265,88;600,79
78;497573,04;4143324,15;1;2529840;2,52984;2,79;2,5;1,06;3,9;2,47;0,69;4,51;1094,98;1094,74;1094,13;1095,48;1094,57;1092,16;1096,5;8;315,27;312,63;546,61
79;496296,52;4143289,74;1;4988890;4,98889;2,27;2,33;1,49;3,15;2,12;1,28;3,15;1078,1;1076,95;1076,15;1078,1;1076,87;1075,19;1079,06;7;253,91;409,04;1821
80;496337,8;4143282,86;1;3907520;3,90752;1,96;2,05;1,49;2,76;2,19;1,49;3,31;1078,37;1077,82;1077,11;1079,06;1077,63;1075,91;1079,58;6;246,75;411,85;1780,24
81;499991,89;4137812,59;1;6434660;6,43466;18,54;16,24;3,35;23,88;19,51;0,82;46,75;1262,5;1262,05;1256,56;1265,94;1256,35;1243,96;1265,94;7;276,75;266,59;774,46
82;493927,28;4148361,07;2;44310,6;0,0443106;98,75;73,53;1,34;146,25;66,72;1,34;146,25;896,4;897,37;884,28;915,81;901,63;881,47;926,32;7;267,75;10;585,47
83;493883,58;4148311,12;2;1051470;1,05147;74,18;55,67;9,53;97,11;49,97;3,1;103,13;911,5;911,47;892,59;928,39;911,09;883,47;931,73;3;99,05;12;651,56
84;493878,9;4148308;2;1051470;1,05147;66,84;52,62;3,1;97,11;47,95;2,9;103,13;917,1;913,92;894,2;928,83;912,06;884,28;934,21;3;99,05;15;657,1
85;493878,9;4148042,68;2;3992340;3,99234;27,62;44,18;16,42;97,06;52,04;12,35;122,04;985,1;979,6;968,1;989,67;969,02;925,79;990,98;7;263,45;45;854,31
86;493886,7;4148033,31;2;3969320;3,96932;34,06;42,7;15,76;72,43;48,39;7,12;122,04;987,54;981,07;968,1;990,19;971,92;927,62;991,32;7;254,26;43;857,31
87;494592,15;4148044,24;2;1925370;1,92537;54,82;47,22;19,05;70,51;47,31;7,8;92,04;899,18;901,21;881,13;913,91;895,23;847,21;932,71;2;40,09;54;442,83
88;496143,52;4146753,52;2;3316620;3,31662;29,61;37,43;1,86;75,08;40,6;1,58;100,9;1023,32;1019,91;1001;1025,27;1011,35;971,9;1026,33;2;26,54;119;417,57
89;496870,81;4147268,56;2;1280230;1,28023;100,55;87,91;63,3;104,39;78,57;31,01;105,9;962,69;968,02;939,98;995,13;969,19;916,74;1023,86;6;232,49;41;423,91
90;496533,7;4145920,09;2;1229490;1,22949;2,79;2,64;0,99;3,57;2,55;0,81;3,57;1040,04;1039,65;1038,83;1040,63;1039,99;1037,98;1041,75;7;275,18;431;602,52
91;496227,8;4146019,98;2;4798010;4,79801;1,4;1,84;1,32;2,73;2,06;1,32;3,18;1036,58;1036;1035,46;1036,67;1035,63;1034,16;1037,26;8;293,46;600;814,25
92;496165,37;4146057,43;2;3898140;3,89814;2,68;2,44;2,01;2,71;2,25;1,42;2,85;1034,57;1034,5;1033,77;1035,53;1034,43;1032,78;1036,67;8;311,23;635;842,14
93;495828,25;4146525,65;2;2852120;2,85212;2,94;2,17;0,78;4,37;2,06;0,15;4,53;1024,51;1024,27;1023,71;1024,69;1024,47;1022,86;1025,94;1;352,61;201;796,29
94;495631,6;4146563,11;2;4361680;4,36168;2,12;2,13;1,41;2,9;1,87;0,22;2,92;1022,32;1022,03;1021,59;1022,47;1021,93;1020,75;1023,37;8;298;288;911,95
95;495531,71;4146469,46;2;4522810;4,52281;1,35;1,72;0,94;3,05;1,9;0,79;3,33;1022,15;1021,66;1021,14;1022,15;1021,65;1020,1;1022,99;8;321,16;425;1048,87
96;495500,5;4146335,24;2;4058660;4,05866;2,49;2,41;1,37;3,43;2,22;1,27;3,59;1022,64;1022,6;1022,13;1023,1;1022,68;1021,25;1024,24;8;299,65;544;1163,44
97;495620,67;4147069,56;2;1762790;1,76279;51,27;47,06;29,9;60,75;40,22;2,82;60,75;999,22;998,72;985,3;1011,82;998,76;971,04;1016,63;2;53,15;125;627,71
98;495620,67;4147055,52;2;1791590;1,79159;58,75;45,14;11,41;60,75;37,46;0,98;60,75;1003,05;1003,23;989,74;1015,42;1001,68;973,34;1016,79;2;47,39;139;637,69
99;496533,7;4144567,72;2;2940390;2,94039;3,19;3,54;2,79;4,95;3,65;2,57;5,27;1058,29;1057,95;1056,96;1059,04;1057,78;1054,9;1060,71;1;4,08;205;1136,35
100;496586,76;4144701,94;2;456192;0,456192;2,87;3,21;1,67;4,81;3,26;1,67;4,81;1055,18;1055,28;1054,41;1056,43;1055,85;1053,16;1058,34;8;308,95;349;1029,25
101;496724,11;4144817,43;2;3250370;3,25037;1,93;2,09;1,72;2,59;2,15;1,57;2,83;1058,03;1057,23;1056,59;1058,03;1057,3;1055,66;1059,28;8;331,27;514,34;858,55
102;496814,63;4144886,11;2;3317340;3,31734;1,94;1,99;1,5;2,64;2,03;1,26;3,14;1058,44;1057,71;1057,16;1058,44;1057,62;1056,11;1059,7;7;297,82;618,57;750,53
103;497211,05;4144998,48;2;2687260;2,68726;48,14;43;2,54;106,07;43,01;1,6;110,28;1060,55;1056,03;1035,42;1060,98;1047,47;991,25;1062,35;2;45,65;334,29;339,04
104;497395,22;4145023,45;2;748027;0,748027;13,97;16,63;8,22;31,26;20,16;1,71;51,12;955,09;954,64;950,17;960,4;956,9;937,63;983,32;2;46,89;165,15;162,67
105;497264,12;4144611,42;2;1510940;1,51094;1,9;2,04;1,3;2,61;2,05;1,3;4,72;1066,85;1066,74;1066,05;1067,33;1066,62;1054,45;1068,57;8;334,03;305,13;425,21
106;497204,81;4144508,41;2;2867260;2,86726;3,65;3,12;1,7;3,91;2,69;0,79;3,91;1069,41;1068,52;1067,59;1069,41;1068,29;1066,28;1070,33;8;335,18;370,73;513,68
107;497435,8;4144499,05;2;1108720;1,10872;48,35;46,3;1,97;92,94;48,15;1,97;114,58;1068,83;1065,58;1049,04;1071,88;1054,93;997,1;1072,75;2;22,59;156,61;319,82
108;497548,17;4144533,38;2;678193;0,678193;65,9;59,85;24,63;76,67;58,3;20,44;106,73;978,37;982,38;966,52;1001,08;989,52;950,75;1053,42;2;35,17;53,51;212,54
109;496895,79;4144327,37;2;2960480;2,96048;2,43;2,48;2,09;3,09;2,46;1,9;3,12;1067,89;1067,16;1066,35;1067,92;1067,25;1065,34;1069,31;8;326,89;205,67;869,99
110;496998,79;4144296,15;2;2162810;2,16281;4,43;3,81;2,34;4,61;3,33;1,93;4,61;1069,07;1068,69;1067,4;1070,03;1068,75;1066,15;1070,86;1;10,12;283,4;794,35
111;497008,16;4144271,18;2;2331000;2,331;3,7;3,44;2,17;4,52;3,19;1,19;4,61;1070,03;1069,44;1068,36;1070,6;1069,36;1066,79;1071,78;2;33,21;283;799,7
112;497610,6;4144093,26;2;1969030;1,96903;2,47;2,47;1,98;2,93;2,46;1,81;2,93;1080,54;1080,42;1079,67;1081,2;1080,49;1078,57;1082,48;1;8,93;401,69;400,99
113;497807,25;4144258,69;2;1494780;1,49478;76,93;68,43;1,27;143,05;60,26;1,27;143,05;1075,99;1072,25;1045,37;1079,66;1057,76;999,47;1080,85;2;38,56;145,8;146,42
114;498278,59;4144517,77;2;982891;0,982891;79,68;52,08;1,84;128,43;49,46;1,04;128,43;1073,74;1068,04;1045,51;1077,81;1060,9;1016,01;1078,55;7;262,01;366,41;377,71
115;498297,32;4144442,86;2;1052720;1,05272;37,64;49,78;1,12;117,47;41,03;0,26;118,87;1077,29;1071,7;1051,31;1078,97;1065,73;1029,09;1080,1;7;261,34;330,89;337,98
116;498306,68;4144158,81;2;3770110;3,77011;1,75;1,9;1,48;2,34;2,03;1,48;2,61;1085,04;1084,64;1084,08;1085,62;1084,56;1082,45;1086,28;1;7,6;215,41;220,22
117;497932,11;4143837,3;2;3118430;3,11843;17,16;31,79;1,13;89,1;35,03;1,01;104,98;1087,69;1084,8;1070,97;1088,9;1077,33;1036,15;1090,2;3;91,94;196,55;191,8
118;497704,24;4143753,02;2;2992910;2,99291;3,12;2,89;1,91;3,5;2,75;1,49;3,76;1088,65;1088,41;1087,57;1089,1;1088,38;1086,21;1090,36;8;328,8;331,01;434,71
119;497685,51;4143737,41;2;2787190;2,78719;3,45;3,23;2,32;3,79;3,04;1,8;3,93;1088,66;1088,51;1087,8;1089,29;1088,29;1086,12;1090,46;8;325,28;343,31;456,44
120;498222,4;4144093,26;2;1270470;1,27047;66,39;52,59;2,21;78,85;47,39;0,18;92,71;1078,83;1075,51;1056,99;1086;1067,78;1012,5;1086,97;7;257,09;117,46;120,92
121;498238,01;4144071,41;2;1373580;1,37358;34,91;37,35;1,2;86,76;37,63;0,18;97,5;1085,23;1080,57;1063,12;1086,36;1072,83;1020,16;1087,4;7;256,5;131,64;133,85
122;498244,26;4144052,68;2;1389170;1,38917;39,99;34,26;1,2;92,71;36,09;0,18;113,29;1083,61;1082,15;1068,12;1086,86;1074,12;1018,33;1087,65;7;261,07;137,55;139,44
123;498247,38;4144021,46;2;1242000;1,242;25,82;32,57;1,4;86,04;39,58;1,31;118,56;1086,19;1082,25;1068,63;1087,4;1072,73;1014,07;1088,18;7;271,01;129,54;132,52
124;497585,63;4143656,25;2;2322170;2,32217;3,53;3,28;1,82;3,8;3,03;0,93;4,02;1088,81;1088,15;1087,02;1089,12;1088,23;1085,91;1090,85;8;333,1;332,25;551,04
125;497457,65;4143771,75;2;2390050;2,39005;2,72;2,34;1,05;3,88;2,21;0,34;4,27;1085,57;1085,17;1084,48;1085,86;1084,77;1082,85;1086,81;8;323,54;325,34;666,68
126;497310,94;4143740,53;2;2089580;2,08958;2,27;2,45;1,68;3,27;2,56;1,61;3,61;1083,69;1083,3;1082,41;1084,13;1083,28;1081,41;1085,35;8;318,18;225,3;816,67
127;497076,83;4143771,75;2;1924750;1,92475;2,69;2,53;1,98;3,04;2,51;1,86;3,19;1079,08;1079,06;1078,26;1079,82;1079,07;1077,15;1081,07;8;327,29;161,99;1023,56
128;497919,62;4143462,72;2;570760;0,57076;49,24;45,85;6,99;66,3;39,49;1,14;71,4;1084,28;1085,65;1071,03;1096,26;1082,76;1040,91;1097,52;3;80,03;43,77;195,77
129;497904,02;4143425,27;2;3218540;3,21854;31,71;26,24;1,14;60,64;27,08;0,82;67,58;1096,3;1093,4;1080,88;1097,21;1088,18;1053,03;1098,33;3;74,49;69,42;210,01
130;497907,14;4143400,29;2;3569500;3,5695;16,13;24,37;0,82;60,98;25,88;0,82;66,14;1096,45;1094,34;1082,34;1097,88;1089,07;1055,35;1098,95;2;51,14;82,96;206,9
131;498326,97;4143863,05;2;624503;0,624503;40,41;29,44;0,41;64,43;29,54;0,41;95,94;1086,63;1086,01;1070,91;1090,74;1080,38;1031,18;1091,75;7;265,64;50,62;191,43
132;498326,97;4143853,69;2;625103;0,625103;47,61;30,39;0,41;64,43;30,39;0,41;95,94;1086,15;1085,82;1070,91;1090,93;1080,09;1031,18;1091,97;7;268,45;49,16;190,15
133;498325,41;4143827,15;2;738695;0,738695;37,72;30,56;0,41;72,65;32,87;0,41;90,92;1087,34;1086,39;1071,22;1091,45;1079,5;1031,18;1092,44;7;281,07;52,99;185,04
134;498323,85;4143806,86;2;794865;0,794865;22,74;27,73;1,76;81,81;33,58;0,41;99,51;1089,95;1087,13;1071,76;1091,84;1079,04;1034,36;1092,73;7;279,39;63,46;182,35
135;498322,29;4143788,13;2;848283;0,848283;23,55;27,01;2,07;75,1;34,89;1,59;99,51;1090,43;1087,88;1075,16;1092,23;1079,18;1036,49;1092,98;7;282,12;76,65;180,79
136;498320,73;4143735,07;2;1203590;1,20359;27,01;31,74;2,95;79,65;34,54;1,66;94,2;1090,43;1088,2;1073,65;1092,98;1080,33;1035,78;1093,67;7;272,5;100,43;170,32
137;498322,29;4143725,71;2;1067480;1,06748;28,62;30,38;2,95;79,65;33,01;0,9;90,36;1091,89;1088,62;1074,14;1093,27;1080,96;1037,77;1093,81;7;269,19;91,96;169,12
138;497551,29;4143385,47;2;2506120;2,50612;2,41;2,53;1,76;3,34;2,49;1,36;3,36;1093,82;1093,46;1092,78;1094,19;1093,3;1091,46;1095,23;8;305,77;266,29;562,99
139;497498,23;4143323,04;2;835172;0,835172;1,27;2,13;0,63;4,45;2,63;0,63;4,65;1092,47;1092,77;1091,75;1093,69;1093,25;1090,29;1095,63;8;299,13;251,55;620,89
140;497557,53;4143294,94;2;2181860;2,18186;3,32;2,88;0,69;4,51;2,73;0,69;4,65;1095,63;1094,8;1093,83;1095,64;1094,73;1092,05;1096,78;7;287,84;315,68;566,77
141;497972,69;4143145,11;2;2619210;2,61921;25,59;20,38;1;44,42;20,99;1;59,65;1101,51;1099,69;1090,85;1102,38;1095,5;1063,21;1103,44;2;47,46;73,63;200,96
142;497935,23;4143335,52;2;3004370;3,00437;32,24;32,4;1,86;62,12;31,63;1,41;69,76;1097,99;1094,13;1081,54;1099,35;1088;1052,28;1100,02;2;50,5;73,5;190,89
143;498422,18;4143254,37;2;1520020;1,52002;11,71;15,85;1,91;30,75;14,7;1,38;38,81;1101,85;1099,84;1092,66;1102,88;1097,09;1068,03;1104,03;6;241,99;138,43;194,63
144;498522,06;4142995,29;2;1230820;1,23082;14,26;15,95;1,54;50,14;24,14;1,41;79,26;1106,58;1105,65;1097,82;1108,7;1098,65;1066;1109,88;6;234,1;89,65;198,78
145;498637,56;4143020,26;2;3147860;3,14786;2,52;2,37;1,59;3,06;2,34;1,58;3,23;1109,01;1108,53;1107,78;1109,17;1108,39;1106,44;1110,3;1;340,84;204,52;316,37
146;498690,62;4142695,63;2;921267;0,921267;41,21;41,87;1,44;92,19;40,54;1,25;99,33;1112,54;1109,71;1094,08;1116,23;1102,2;1056,4;1117,49;7;260,67;203,41;207,7
147;498360,32;4140625,08;2;2694270;2,69427;3,92;3,47;1,98;6,45;3,67;1,47;8,33;1155,87;1155,06;1154,01;1155,88;1154,68;1150,57;1157,32;8;310,44;191;662,86
148;498424,84;4140689,6;2;2211180;2,21118;2,9;2,74;0,13;5,74;3,24;0,13;7,94;1154,59;1154,31;1153,53;1155,07;1153,95;1151,11;1156,16;8;314,46;276,93;577,57
149;498838,85;4141738,06;2;53017,7;0,0530177;37,75;39,67;1,82;55,1;43,94;0,8;79,94;1049,19;1048,69;1041,45;1063,43;1058,04;1039,83;1094,94;7;249,64;18,21;16,76
150;498989,39;4142372,51;2;1229360;1,22936;6,5;6,12;4,62;7,25;5,43;2,1;7,25;1122,26;1122,11;1120,08;1123,7;1122,03;1118,17;1125,76;2;57,99;55,3;290,81
151;498142,57;4142174,91;2;456968;0,456968;3,92;5,24;1,86;8,85;5,79;0,74;11,76;1114,38;1114,3;1112,39;1115,18;1114,94;1111,51;1118,75;7;266,67;20,92;457,28
152;498121,06;4142142,65;2;361741;0,361741;1,68;7,18;0,74;12,75;6,08;0,74;12,75;1114,59;1114,49;1112,64;1115,62;1115,18;1112,32;1117,05;2;47,68;6,1;492,64
153;498164,07;4142131,9;2;490470;0,49047;5,86;6,01;1,07;12,24;6,75;0,74;15,25;1115,71;1115,07;1113,26;1116,56;1115,82;1112,39;1119,9;6;242,48;22,47;462,56
154;498156,01;4142113,08;2;300792;0,300792;1,99;7,89;1,07;12,47;6,91;0,74;15,36;1114,26;1115,13;1113,26;1116,56;1115,87;1112,39;1119,67;2;28,86;2,01;477,31
155;498177,51;4142113,08;2;557449;0,557449;10,19;7,69;1,07;15,36;7,76;1,07;19,34;1116,44;1115,48;1113,53;1116,99;1116,39;1112,84;1121,83;6;230,68;11,2;457,7
156;496182,76;4143361,82;2;472107;0,472107;2,41;2,33;1,63;2,98;2,26;1,41;3,24;1074,83;1074,4;1073,69;1075,3;1074,29;1072,31;1076,29;7;277,18;454,49;1931,69
157;496225,77;4143329,56;2;4287300;4,2873;1,99;1,97;1,51;2,26;1,97;1,29;2,35;1075,62;1075,53;1074,81;1076,29;1075,36;1073,57;1078,1;7;279,38;432,41;1889,66
158;505790,91;4142520,37;2;3820950;3,82095;5,57;8,39;3,9;60,16;21,05;3,22;123,33;1180,86;1180,03;1168,88;1181,68;1172,68;1135,43;1183,76;8;327,05;78,72;6562,19
159;496855,72;4147843,52;2;3943450;3,94345;6,54;17,73;0,82;50,97;21,43;0,82;93,82;1013,19;1011,4;1001,49;1013,73;1005,64;939,58;1014,93;6;232,13;95,29;817,76
160;490220,01;4151607,7;2;2550470;2,55047;9,74;11,09;0,91;31,23;20,63;0,91;103,51;742,92;742,84;740,69;747,89;741,38;704,56;766,13;7;276,42;300,07;940,86
161;493649,19;4148809,12;3;2556480;2,55648;30,08;32,99;19,7;49,03;35,51;9,38;63,69;865,8;868,12;859,35;879,58;868,68;833,34;894,86;1;22,22;50,94;561,08
162;493380,29;4148093,83;3;2197120;2,19712;20,49;23,38;1,27;47,77;21,66;0,48;51,77;985,36;984,05;974,8;987,59;981,32;959,38;987,98;2;45,48;90,29;1180,8
163;494719,43;4147405,43;3;14036,3;0,0140363;15,28;13,26;1,52;24,83;10,88;0,36;24,83;997;998,56;995,18;1002,11;1000,41;993,3;1003,03;7;257,57;7,41;861,56
164;495622,96;4147400,05;3;497400;0,4974;61,56;52,71;17,46;71,48;54,98;10,44;127,8;911,73;912,57;899,89;928,65;920,18;879,13;950,77;2;60,22;26,72;394,7
165;496080,1;4147222,58;3;452890;0,45289;11,43;26,07;10,93;47,26;35,67;10,93;58,84;859,53;861,89;851,5;872,57;863,63;838,93;918,75;2;49,02;0,31;158,42
166;496112,37;4147082,75;3;451413;0,451413;51;49,75;27,98;68,18;52,29;17,86;109,33;872,26;873,31;856,86;889,96;879,34;847,07;925,53;6;222,53;55,05;207,22
167;495908;4146700,9;3;1917290;1,91729;14,08;9,08;0,91;30,64;6,7;0,5;30,64;1022,35;1021,85;1018,19;1023,11;1022,46;1016,05;1024,3;2;24,64;13;616,07
168;495574,55;4146448,13;3;4269880;4,26988;2,38;2,01;1,02;2,9;1,74;0,88;2,9;1022,69;1022,42;1021,95;1022,94;1022,43;1021,11;1023,88;8;309,01;410,31;1032,21
169;496246,82;4146663,25;3;3460330;3,46033;13,31;18,06;0,4;68,51;24,94;0,4;79,9;1027,12;1025,94;1017,33;1028,25;1019,63;983,49;1028,96;2;24,24;111,17;413,89
170;496123,12;4146254,52;3;3590160;3,59016;2,09;1,96;1,44;2,55;1,81;1,34;2,55;1031,46;1031,52;1030,74;1032,13;1031,49;1029,68;1033,13;7;285,22;491,12;788,73
171;496945,97;4147609,8;3;3906770;3,90677;6,03;15;1,17;53,57;17,28;1,17;61,99;1018,47;1016,99;1008,48;1018,8;1012,92;984,69;1020,01;8;304,43;103,38;742,7
172;496951,35;4147469,97;3;1283260;1,28326;11,89;12,8;2,19;44,2;12,75;1,27;55,16;1019,47;1019,94;1013,43;1021,82;1019,33;999,3;1022,58;8;331,53;30,03;629,17
173;496913,7;4147346,27;3;2835960;2,83596;37,98;27,48;1,54;59,3;30,37;1,51;75,63;1022,75;1020,2;1009,33;1023,72;1013;972,06;1024,64;6;245,85;101,05;509,8
174;496945,97;4147303,25;3;4054490;4,05449;14,71;23,74;0,97;54,9;27,17;0,97;78,94;1024,13;1021,32;1008,65;1024,72;1014,19;970,61;1025,43;6;231,05;106,37;502,37
175;496741,6;4147319,38;3;1104510;1,10451;40,49;41,54;29,4;56,97;44,99;14,6;79,7;921,27;927,5;906,96;944,41;931,38;891,8;967,4;7;284,82;2,89;390
176;496811,52;4147158,04;3;258233;0,258233;28,46;59,06;21,2;88,98;57,99;5,39;88,98;892,44;899,95;887,39;912,5;909,91;869,33;946,24;7;266,25;0,97;305,92
177;497107,32;4147028,96;3;1118080;1,11808;60,53;61,15;22,24;127,67;62,1;0,76;138,19;1014,46;1013,79;984,36;1029,18;1006,2;930,3;1030,9;5;200,88;51,72;443,66
178;497279,41;4146770,82;3;3492960;3,49296;25,77;27,6;0,75;64,98;33,63;0,11;128,67;1034,82;1032,11;1019,49;1035,73;1024,24;979,45;1036,65;7;259,46;108,39;448,61
179;497290,17;4146738,55;3;3905320;3,90532;23,48;28,4;0,47;68,18;33,12;0,38;113,57;1035,74;1032,55;1020,5;1036,24;1025,68;982,96;1037,29;6;246,44;122,17;440,03
180;497720,42;4145463,93;3;2809860;2,80986;11,73;41,54;0,53;113,39;51,27;0,53;141,94;1057,55;1052,73;1033,69;1058,34;1038,98;978,43;1059,58;6;235,57;220,5;226,11
181;497171,85;4145162,76;3;1696970;1,69697;35,39;41,17;1,22;103,94;44,17;0,2;132,07;1054,33;1051,27;1031,3;1058,29;1042,3;977,06;1059,22;2;37,57;310,11;348,88
182;497290,17;4144743,27;3;2658040;2,65804;17,48;30,77;1,13;90,17;32,89;1,13;99,85;1065,54;1061,94;1045,19;1065,9;1054,12;1016,38;1067,03;3;104,13;304,93;371,34
183;497553,7;4144953,01;3;675504;0,675504;21,22;25,8;8,62;70,42;27,16;7,86;70,42;933,66;932,42;924,35;937,98;934,65;911,03;950,05;3;80,2;125,41;127,5
184;497580,59;4144883,1;3;597131;0,597131;9,7;9,44;4,07;25,08;10,25;0,72;40,66;935,01;935,96;932,14;937,98;937,36;926,27;943,33;2;33,85;117,99;127,45
185;498225,96;4143742,94;3;310975;0,310975;65,19;64,09;51,64;78,42;63,9;33,16;93,13;1023,72;1026,3;1007,6;1046,27;1027,32;991,04;1083,03;7;267,48;71,59;81,35
186;498301,26;4143920,42;3;664385;0,664385;23,36;28,42;0,63;85,83;31,87;0,33;119,23;1086,59;1085,6;1074,09;1089,33;1078,8;1032,77;1090,32;6;237,73;73,59;176,97
187;498306,63;4144329,15;3;920141;0,920141;54,6;38,07;2,24;71,81;32,7;2;81,3;1074,9;1073,71;1057,12;1081,66;1070,5;1041,16;1082,86;7;274,48;273,84;271,1
188;498301,26;4144415,2;3;981941;0,981941;57,59;46,53;0,26;100,61;39,37;0,26;114,89;1071,88;1071,41;1052,38;1079,42;1066,52;1032,02;1080,81;7;268,4;318,45;321,2
189;498188,32;4144624,95;3;719679;0,719679;50,19;43,84;21,01;79,32;45,47;8,1;98,53;1028,12;1025,66;1015,14;1039,31;1030,3;1003,37;1074,29;6;246,25;274,13;317,23
190;498150,67;4144931,5;3;1530430;1,53043;44,36;42,56;1,75;104,94;46,69;0,71;136,93;1067,45;1064,95;1045,63;1070,15;1053,66;994,2;1071,2;7;247,64;229,52;425,42
191;498435,71;4145044,44;3;2585730;2,58573;1,23;1,27;1,03;1,61;1,38;1,03;1,83;1066,5;1066,45;1065,8;1067,04;1066,48;1064,59;1067,99;1;2,59;274,67;720,63
192;498597,05;4145006,8;3;1846890;1,84689;2,53;2,27;1,78;2,73;2,2;1,55;2,73;1065,57;1065,52;1064,95;1066,2;1065,44;1063,3;1067,35;2;39,1;110,55;833,93
193;498129,16;4144985,28;3;366160;0,36616;17,71;27,34;1,72;78,83;35,71;1,54;141,01;1068,31;1065,56;1051,66;1068,9;1055,21;994,84;1070,15;6;234,36;229,35;413,16
194;498113,02;4145005,45;3;1373880;1,37388;29,6;35,18;1,7;81,12;42,77;1,46;148,49;1067,59;1063,91;1048,69;1068,31;1052,78;990,57;1069,43;6;245,55;226,4;400,41
195;498088,82;4145040,41;3;1350740;1,35074;46,96;41,01;1,63;117,72;45,89;1,47;139,25;1065,82;1062,28;1041,4;1067,42;1051,58;989,93;1068,44;6;232,84;230,83;385,07
196;497946,3;4143400,08;3;572561;0,572561;60,93;51,81;33,18;66,14;47,07;3,27;67,58;1077,57;1078,02;1064,9;1092,84;1077,32;1036,31;1098,95;3;74,52;63,54;167,74
197;498236,72;4143663,61;3;284629;0,284629;72,4;76,78;51,4;105,28;71,29;42,33;105,28;1026,44;1029,6;1008,95;1052,41;1035,31;991,62;1088,01;7;275,52;10,46;79,49
198;498344,28;4143410,84;3;1473,59;0,00147359;27,13;27,07;0,87;61,13;30,64;0,22;84,68;1097,26;1095,2;1084,75;1098,9;1088,5;1047,67;1099,86;7;258,37;40,25;161,72
199;498365,79;4143362,44;3;1951,52;0,00195152;9,99;17,3;0,22;54,99;24,09;0,22;90,88;1096,97;1097,28;1090,62;1099,95;1091,89;1050,33;1101,09;7;251,72;56,39;182,48
200;498355,04;4143303,28;3;891943;0,891943;38,54;38,57;9,66;74,4;42,04;1,36;109,85;1094,74;1091,91;1074,8;1099,19;1083,64;1040,73;1101,95;7;250,44;55,42;176,03
201;497946,3;4143238,74;3;1857370;1,85737;17,58;22,11;0,52;55,34;22,81;0,25;57,48;1099,19;1097,24;1084,64;1100,75;1092,69;1059,44;1101,54;2;44,65;70,37;204,11
202;498317,39;4143066,64;3;215423;0,215423;45,39;46,19;25,76;62,3;44,97;5,6;62,93;1027,83;1028,26;1014,73;1041,97;1027,17;1007,04;1066,19;6;220,25;32,33;56,72
203;498473,36;4143088,15;3;918039;0,918039;39,5;32,71;1,84;65,51;33,39;1,46;82,45;1103,93;1101,16;1088,33;1106,3;1094,74;1054,32;1108,01;7;250,16;89,17;188,37
204;498882,09;4143211,85;3;3182890;3,18289;2,24;2,39;1,71;3,4;2,78;1,71;5,05;1104,81;1104,28;1103,63;1105,09;1103,91;1101,52;1106,3;1;19,56;100,71;609,93
205;498930,49;4143179,58;3;2000090;2,00009;5,3;4,84;3,13;5,65;4,21;1,65;5,87;1104,28;1103,36;1101,8;1104,68;1103,32;1099,85;1106,5;3;74,38;45,54;644,53
206;499511,33;4142937,57;3;189800;0,1898;2,47;2,67;1,69;4;3,48;1,69;10,02;1113,39;1113,05;1112,27;1113,86;1112,57;1109,01;1115,35;2;57,38;78,85;1030,03
207;499850,15;4142604,12;3;7410590;7,41059;7,95;6,75;0,72;10,72;6,2;0,27;10,83;1137,14;1136,86;1134,56;1138,2;1135,68;1129,12;1138,37;6;247,12;205,82;1182,1
208;499737,21;4142518,07;3;1712330;1,71233;14,23;12,39;9,19;15,29;11,26;7,28;15,29;1125,58;1125,54;1122,16;1129,53;1125,8;1119;1134,86;7;270,8;83,14;1051,67
209;498672,35;4142792,36;3;2415190;2,41519;8,3;32,97;2,13;91,21;32,3;1,61;91,21;1112,99;1109,25;1092,41;1113,79;1103,38;1058,55;1115,13;7;255,38;226,73;229,77
210;498134,53;4142733,2;3;2352120;2,35212;23,24;20,47;2,63;47,52;21,23;1,83;55,63;1111,09;1109,64;1100,2;1112,49;1105,91;1075,09;1113,44;2;35,1;89,61;250,15
211;498516,38;4142125,47;3;632059;0,632059;18,71;23,31;11,3;43,81;26,55;11,23;58,38;1116,17;1113,99;1106,46;1119,01;1110,1;1081,28;1124,06;3;90,55;49,68;164,96
212;498527,14;4142017,91;3;455367;0,455367;23,01;28,71;13,43;56,99;33,09;7,91;114,89;1118;1117,96;1106,92;1123,83;1112,39;1075,17;1127,91;3;67,1;59,85;177,85
213;498586,3;4142012,53;3;202513;0,202513;58,15;54,78;28,6;74,3;54,87;23,44;114,89;1087,64;1089,54;1071,26;1105,87;1090,58;1049,6;1123,84;3;106,53;32;119,31
214;498591,67;4141904,97;3;66703,7;0,0667037;47,63;62,53;44,76;82,91;58;29,19;85,79;1097,81;1099,84;1075,53;1115,35;1099,27;1056,47;1129,29;3;67,6;0,9;148,2
215;498812,18;4141856,57;3;66707,7;0,0667077;29,54;30,59;5,83;57,3;38,64;3,61;81,42;1042,84;1043,35;1038,22;1053;1054,23;1036,98;1086,45;5;200,09;11,1;9,23
216;498855,2;4142195,39;3;787684;0,787684;67,82;51,18;4,43;74,75;43,75;1,22;93,58;1118,66;1116,85;1101,83;1128,09;1111,09;1067,82;1128,8;6;247,22;150,76;156,48
217;498892,85;4142157,74;3;868249;0,868249;15,76;19,97;0,18;58,04;21,03;0,18;66,66;1127,68;1125,77;1115,44;1128,8;1121,89;1092,98;1129,56;7;270,52;157,95;198,8
218;498344,28;4142017,91;3;2292850;2,29285;3,28;3,37;2,26;4,81;3,92;2,19;9,46;1126,88;1126,68;1125,75;1127,51;1125,97;1120,72;1128,67;7;291,63;96,56;357,78
219;498376,55;4141980,26;3;2559030;2,55903;2,39;2,55;2,19;4,28;2,98;1,87;7,27;1128,52;1127,96;1127,26;1128,67;1127,4;1123,43;1129,6;8;304,81;120,78;331,48
220;498697,22;4144176,3;3;3166750;3,16675;1,62;2,03;1,47;2,59;2,45;1,47;3,47;1083,78;1083,75;1083,22;1084,46;1083,37;1081,39;1085,42;8;324,83;310,13;602,86
221;498267,68;4140378,83;3;313502;0,313502;2,01;4,17;1,36;11,86;5,43;1,36;12,12;1145,68;1146,29;1144,94;1147,48;1147,55;1144,13;1152,67;5;180,84;5,04;817,85
222;498327,67;4140258,86;3;326213;0,326213;3,07;4,86;2,15;8,47;5,88;1,1;12,71;1148,43;1149,02;1147,51;1150,53;1150,49;1147,14;1156,18;7;249,82;0,98;815,23
223;498437,64;4140278,85;3;1705100;1,7051;11,98;10,95;4,84;14,85;9,47;2,35;14,85;1160,46;1159,11;1155,42;1162,03;1158,16;1150,81;1163,29;8;236,19;106,33;711,11
224;499934,84;4137950,58;3;3096820;3,09682;11,46;9,73;0,84;17,41;10,95;0,28;26,1;1240,48;1240,62;1236,45;1243,53;1240,45;1231,58;1254,62;2;66,67;241;713,65
225;500007,32;4137820,61;3;12395000;12,395;10,66;21,13;4,58;46,75;24,1;2,19;46,75;1265,94;1262,26;1255,76;1265,94;1254,81;1239,1;1265,94;5;158,79;249,42;757,26
226;505765,45;4142392,2;3;4017280;4,01728;3,69;3,55;2,99;4,33;3,83;2,07;13,53;1184,69;1184,65;1183,48;1185,6;1184,08;1169,79;1187,45;1;336,7;163,05;6462,37
227;505829,19;4142240,97;3;4199580;4,19958;3,61;3,69;3,28;4,17;3,83;3,28;5,39;1190,57;1190,48;1189,4;1191,59;1190,46;1187,61;1193,51;1;331,83;181,35;6420,88
228;505870,43;4142222,22;3;4403390;4,40339;4,04;3,93;3,5;4,28;3,85;3,45;5,29;1192,19;1192,02;1190,94;1193,28;1191,8;1188,99;1195,26;8;323,08;207,11;6442,81
229;505899,18;4142210,97;3;4699180;4,69918;3,71;3,9;3,05;5,89;4,59;0,92;18,61;1193,39;1192,81;1191,73;1193,79;1192,57;1189,95;1195,88;1;344,32;194,74;6459,31
230;505984,17;4142195,97;3;4159370;4,15937;3,06;4,09;1,01;18,32;4,78;1,01;19,65;1193,92;1193,8;1193,1;1194,76;1193,74;1190,46;1196,67;8;326,94;147,93;6519,33
